uid,domainID,siteID,namedLocation,collectDate,identifiedDate,sampleID,sampleCode,slideID,acceptedTaxonID,targetTaxaPresent,scientificName,morphospeciesID,taxonRank,phylum,subphylum,class,subclass,infraclass,superorder,order,suborder,infraorder,superfamily,family,subfamily,tribe,subtribe,genus,specificEpithet,infraspecificEpithet,invertebrateLifeStage,sizeClass,sizeCategory,individualCount,subsamplePercent,estimatedTotalCount,immatureSpecimen,indeterminateSpecies,taxonRankQualifier,sampleCondition,distinctTaxon,identificationQualifier,identificationReferences,qcChecked,laboratoryName,identifiedBy,identificationRemarks,identificationHistoryID,dataQF
"772d3cec-1767-4c08-8df2-1210f25b9dd0","D06","KING","KING.AOS.reach","2022-03-22T15:51Z","2022-08-29","KING.20220322.CORE.2","A00000319153","BA22NEOMST15002O3","NAICOM","Y","Nais communis/variabilis",,"speciesGroup","Annelida","Clitellata","Oligochaeta","Oligochaeta",,,"Tubificida",,,,"Naididae","Naidinae",,,"Nais","communis/variabilis",,"immature",2,,8,100,8,"Y","N",,"condition OK","Y",,"Kathman and Brinkhurst, 1999","N","Rhithron Associates, Inc.","A. Fasbender",,,
"fef60157-8be8-461e-ae7d-9f0d4a1ae8d8","D06","KING","KING.AOS.reach","2022-03-22T15:51Z","2022-08-30","KING.20220322.CORE.3","A00000319152","BA22NEOMST15003O8","DERDIG","Y","Dero digitata",,"species","Annelida","Clitellata","Oligochaeta","Oligochaeta",,,"Tubificida",,,,"Naididae","Naidinae",,,"Dero","digitata",,"unknown",4,,2,100,2,"N","N",,"condition OK","Y",,"Kathman and Brinkhurst, 1999","N","Rhithron Associates, Inc.","A. Fasbender",,,
"c8caf78d-d007-45d4-adca-fe5d3dd6ac55","D06","KING","KING.AOS.reach","2022-03-22T15:51Z","2022-09-01","KING.20220322.CORE.1","A00000319154",,"THIGRO","Y","Thienemannimyia gr.",,"speciesGroup","Arthropoda","Hexapoda","Insecta","Pterygota","Neoptera","Holometabola","Diptera","Nematocera","Culicomorpha",,"Chironomidae","Tanypodinae","Pentaneurini",,"Thienemannimyia","gr.",,"larva",6,,6,100,6,"Y","N","early instar","condition OK","Y",,"Weiderholm, 1983; Weiderholm, 1986; Epler 2001; Ferrington et al. 2008; Andersen, Cranston and Epler 2017","N","Rhithron Associates, Inc.","A. Fasbender",,,
"b3bb43ba-8735-49b9-a656-f630255d0e80","D06","KING","KING.AOS.reach","2022-03-22T15:51Z","2022-08-30","KING.20220322.CORE.3","A00000319152","BA22NEOMST15003O1","NAICOM","Y","Nais communis/variabilis",,"speciesGroup","Annelida","Clitellata","Oligochaeta","Oligochaeta",,,"Tubificida",,,,"Naididae","Naidinae",,,"Nais","communis/variabilis",,"immature",3,,8,100,8,"Y","N",,"condition OK","Y",,"Kathman and Brinkhurst, 1999","N","Rhithron Associates, Inc.","A. Fasbender",,,
"33c69a87-9173-44b7-a853-a5a9a1dcb019","D06","KING","KING.AOS.reach","2022-03-22T15:51Z","2022-08-30","KING.20220322.CORE.3","A00000319152","BA22NEOMST15003O9","NAISP","Y","Naididae sp.",,"family","Annelida","Clitellata","Oligochaeta","Oligochaeta",,,"Tubificida",,,,"Naididae",,,,,"sp.",,"immature",2,,1,100,1,"Y","N",,"condition OK","N",,"Kathman and Brinkhurst, 1999","N","Rhithron Associates, Inc.","A. Fasbender",,,
"e1710b7d-1979-4d36-85c7-32a251933b4f","D06","KING","KING.AOS.reach","2022-03-22T15:51Z","2022-08-29","KING.20220322.CORE.1","A00000319154","BA22NEOMST15001O1","PRIPRO","Y","Pristina proboscidea",,"species","Annelida","Clitellata","Oligochaeta","Oligochaeta",,,"Tubificida",,,,"Naididae","Pristininae",,,"Pristina","proboscidea",,"unknown",2,,5,100,5,"N","N",,"condition OK","Y",,"Kathman and Brinkhurst, 1999","N","Rhithron Associates, Inc.","A. Fasbender",,,
"f1564678-ee7b-4a98-8095-e68b4078f084","D06","KING","KING.AOS.reach","2022-03-22T15:51Z","2022-09-16","KING.20220322.CORE.2","A00000319153",,"DICSP7","Y","Dicrotendipes sp.",,"genus","Arthropoda","Hexapoda","Insecta","Pterygota","Neoptera","Holometabola","Diptera","Nematocera","Culicomorpha",,"Chironomidae","Chironominae","Chironomini",,"Dicrotendipes","sp.",,"larva",7,,3,100,3,"N","N",,"condition OK","Y",,"Weiderholm, 1983; Weiderholm, 1986; Epler 2001; Ferrington et al. 2019; Andersen, Cranston and Epler 2013","N","Rhithron Associates, Inc.","A. Fasbender",,,
"0b6abf44-1375-4f54-b9b9-f397de271119","D06","KING","KING.AOS.reach","2022-03-22T15:51Z","2022-08-30","KING.20220322.CORE.3","A00000319152",,"ZAVSP","Y","Zavrelimyia sp.",,"genus","Arthropoda","Hexapoda","Insecta","Pterygota","Neoptera","Holometabola","Diptera","Nematocera","Culicomorpha",,"Chironomidae","Tanypodinae","Pentaneurini",,"Zavrelimyia","sp.",,"larva",5,,1,100,1,"N","N",,"condition OK","Y",,"Weiderholm, 1983; Weiderholm, 1986; Epler 2001; Ferrington et al. 2019; Andersen, Cranston and Epler 2013","N","Rhithron Associates, Inc.","A. Fasbender",,,
"f583253b-469b-4c3f-b3fb-60000136ef5d","D06","KING","KING.AOS.reach","2022-03-22T15:51Z","2022-08-29","KING.20220322.CORE.1","A00000319154","BA22NEOMST15001O4","PRIPRO","Y","Pristina proboscidea",,"species","Annelida","Clitellata","Oligochaeta","Oligochaeta",,,"Tubificida",,,,"Naididae","Pristininae",,,"Pristina","proboscidea",,"unknown",2,,10,100,10,"N","N",,"condition OK","Y",,"Kathman and Brinkhurst, 1999","N","Rhithron Associates, Inc.","A. Fasbender",,,
"fbffe867-fba3-4654-9574-71fb29b0bf73","D06","KING","KING.AOS.reach","2022-03-22T15:51Z","2022-08-29","KING.20220322.CORE.1","A00000319154","BA22NEOMST15001O3","PRIPRO","Y","Pristina proboscidea",,"species","Annelida","Clitellata","Oligochaeta","Oligochaeta",,,"Tubificida",,,,"Naididae","Pristininae",,,"Pristina","proboscidea",,"unknown",1,,1,100,1,"N","N",,"condition OK","Y",,"Kathman and Brinkhurst, 1999","N","Rhithron Associates, Inc.","A. Fasbender",,,
"2c8f03b1-0415-41b9-a0dc-9a7e47bb695d","D06","KING","KING.AOS.reach","2022-03-22T15:51Z","2022-08-29","KING.20220322.CORE.1","A00000319154","BA22NEOMST15001O3","LUMSP2","Y","Lumbriculidae sp.",,"family","Annelida","Clitellata","Oligochaeta","Oligochaeta",,,"Lumbriculida",,,,"Lumbriculidae",,,,,"sp.",,"immature",6,,2,100,2,"Y","N",,"condition OK","Y",,"Kathman and Brinkhurst, 1999","N","Rhithron Associates, Inc.","A. Fasbender","1 w/, 1/ w/o proboscis",,
"bd7f834b-4930-47b7-91e5-f2d43891de20","D06","KING","KING.AOS.reach","2022-03-22T15:51Z","2022-08-29","KING.20220322.CORE.1","A00000319154","BA22NEOMST15001O5","NAISP","Y","Naididae sp.",,"family","Annelida","Clitellata","Oligochaeta","Oligochaeta",,,"Tubificida",,,,"Naididae",,,,,"sp.",,"immature",3,,2,100,2,"Y","N",,"condition OK","Y",,"Kathman and Brinkhurst, 1999","N","Rhithron Associates, Inc.","A. Fasbender","Rhyacodrilinae/Tubificinae w/ HC",,
"675e5489-2cdc-44fa-80eb-463da454e0ca","D06","KING","KING.AOS.reach","2022-03-22T15:51Z","2022-09-12","KING.20220322.CORE.1","A00000319154",,"OSTSP","Y","Ostracoda sp.",,"class","Arthropoda","Crustacea","Ostracoda",,,,,,,,,,,,,"sp.",,"unknown",1,,12,100,12,"N","N",,"condition OK","Y",,"Thorp and Rogers 2016","N","Rhithron Associates, Inc.","J. Webb",,,
"ea7eb930-b561-4c32-8af4-7643e2ed4cc8","D06","KING","KING.AOS.reach","2022-03-22T15:51Z","2022-09-16","KING.20220322.CORE.2","A00000319153",,"DICSP7","Y","Dicrotendipes sp.",,"genus","Arthropoda","Hexapoda","Insecta","Pterygota","Neoptera","Holometabola","Diptera","Nematocera","Culicomorpha",,"Chironomidae","Chironominae","Chironomini",,"Dicrotendipes","sp.",,"pupa",8,,1,100,1,"N","N",,"condition OK","N",,"Weiderholm, 1983; Weiderholm, 1986; Epler 2001; Ferrington et al. 2019; Andersen, Cranston and Epler 2013","N","Rhithron Associates, Inc.","A. Fasbender",,,
"9ac0dd2a-dd72-4261-96c1-c169de9b731f","D06","KING","KING.AOS.reach","2022-03-22T15:51Z","2022-09-01","KING.20220322.CORE.1","A00000319154",,"NATSP2","Y","Natarsia sp.",,"genus","Arthropoda","Hexapoda","Insecta","Pterygota","Neoptera","Holometabola","Diptera","Nematocera","Culicomorpha",,"Chironomidae","Tanypodinae","Natarsiini",,"Natarsia","sp.",,"larva",7,,1,100,1,"N","N",,"condition OK","Y",,"Weiderholm, 1983; Weiderholm, 1986; Epler 2001; Ferrington et al. 2019; Andersen, Cranston and Epler 2013","N","Rhithron Associates, Inc.","A. Fasbender",,,
"bb86b771-276d-4287-8330-ad1b589a79d6","D06","KING","KING.AOS.reach","2022-03-22T15:51Z","2022-09-12","KING.20220322.CORE.3","A00000319152",,"STYSP9","Y","Stygobromus sp.",,"genus","Arthropoda","Crustacea","Malacostraca","Eumalacostraca",,"Peracarida","Amphipoda","Gammaridea",,,"Crangonyctidae",,,,"Stygobromus","sp.",,"unknown",2,,2,100,2,"N","N",,"condition OK","Y",,"Thorp and Rogers 2016","N","Rhithron Associates, Inc.","J. Webb",,,
"391df2e4-53fc-418d-a1e5-3574e12ddd01","D06","KING","KING.AOS.reach","2022-03-22T15:51Z","2022-08-29","KING.20220322.CORE.2","A00000319153","BA22NEOMST15002O5","NAICOM","Y","Nais communis/variabilis",,"speciesGroup","Annelida","Clitellata","Oligochaeta","Oligochaeta",,,"Tubificida",,,,"Naididae","Naidinae",,,"Nais","communis/variabilis",,"immature",2,,16,100,16,"Y","N",,"condition OK","Y",,"Kathman and Brinkhurst, 1999","N","Rhithron Associates, Inc.","A. Fasbender",,,
"74f04b3b-ec9e-47eb-a2df-a7fef1a91e73","D06","KING","KING.AOS.reach","2022-03-22T15:51Z","2022-08-29","KING.20220322.CORE.1","A00000319154","BA22NEOMST15001O5","NAICOM","Y","Nais communis/variabilis",,"speciesGroup","Annelida","Clitellata","Oligochaeta","Oligochaeta",,,"Tubificida",,,,"Naididae","Naidinae",,,"Nais","communis/variabilis",,"immature",3,,2,100,2,"Y","N",,"condition OK","Y",,"Kathman and Brinkhurst, 1999","N","Rhithron Associates, Inc.","A. Fasbender",,,
"74b0e0c6-4784-4db3-99c9-4609ac21a7eb","D06","KING","KING.AOS.reach","2022-03-22T15:51Z","2022-09-12","KING.20220322.CORE.1","A00000319154",,"CAESP5","Y","Caenis sp.",,"genus","Arthropoda","Hexapoda","Insecta","Pterygota","Palaeoptera",,"Ephemeroptera","Furcatergalia","Pannota","Caenoidea","Caenidae","Caeninae",,,"Caenis","sp.",,"larva",3,,5,100,5,"Y","N","early instar","condition OK","Y",,"Provonsha 1990","N","Rhithron Associates, Inc.","J. Webb",,,
"5259b557-9994-4ede-b494-2c860aae2534","D06","KING","KING.AOS.reach","2022-03-22T15:51Z","2022-09-12","KING.20220322.CORE.2","A00000319153",,"CERSP10","Y","Ceratopogoninae sp.",,"subfamily","Arthropoda","Hexapoda","Insecta","Pterygota","Neoptera","Holometabola","Diptera","Nematocera","Culicomorpha",,"Ceratopogonidae","Ceratopogoninae",,,,"sp.",,"larva",6,,7,100,7,"N","N",,"condition OK","Y",,"Merritt et al. 2019","N","Rhithron Associates, Inc.","J. Webb",,,
"c1722087-1642-45df-843c-bc312fba0719","D06","KING","KING.AOS.reach","2022-03-22T15:51Z","2022-09-12","KING.20220322.CORE.2","A00000319153",,"HYDSP21","Y","Hydra sp.",,"genus","Cnidaria","Medusozoa","Hydrozoa","Hydroidolina",,,"Anthoathecatae","Capitata",,,"Hydridae",,,,"Hydra","sp.",,"unknown",1,,75,100,75,"N","N",,"condition OK","Y",,"Thorp and Rogers 2016","N","Rhithron Associates, Inc.","J. Webb",,,
"5df83146-a824-47af-8dbb-e61c79f94d4f","D06","KING","KING.AOS.reach","2022-03-22T15:51Z","2022-09-12","KING.20220322.CORE.1","A00000319154",,"POLSP5","Y","Polycentropodidae sp.",,"family","Arthropoda","Hexapoda","Insecta","Pterygota","Neoptera","Holometabola","Trichoptera",,,"Hydropsychoidea","Polycentropodidae",,,,,"sp.",,"larva",8,,4,100,4,"Y","N","early instar","condition OK","Y",,"Flint 1994; Wiggins 1996; Merritt et al. 2019; Chamorro and Holzenthal 2011","N","Rhithron Associates, Inc.","J. Webb","Polycentropus s.l.",,
"7d905a27-eb89-498b-a4e7-a8bf8b77e93b","D06","KING","KING.AOS.reach","2022-03-22T15:51Z","2022-09-01","KING.20220322.CORE.1","A00000319154",,"POLSP13","Y","Polypedilum sp.",,"genus","Arthropoda","Hexapoda","Insecta","Pterygota","Neoptera","Holometabola","Diptera","Nematocera","Culicomorpha",,"Chironomidae","Chironominae","Chironomini",,"Polypedilum","sp.",,"larva",1,,1,100,1,"Y","N","early instar","condition OK","Y",,"Weiderholm, 1983; Weiderholm, 1986; Epler 2001; Ferrington et al. 2008; Andersen, Cranston and Epler 2013","N","Rhithron Associates, Inc.","A. Fasbender",,,
"1b530846-47da-4bd3-bb8e-a4ca34562752","D06","KING","KING.AOS.reach","2022-03-22T15:51Z","2022-08-30","KING.20220322.CORE.3","A00000319152","BA22NEOMST15003O2","NAICOM","Y","Nais communis/variabilis",,"speciesGroup","Annelida","Clitellata","Oligochaeta","Oligochaeta",,,"Tubificida",,,,"Naididae","Naidinae",,,"Nais","communis/variabilis",,"immature",2,,14,100,14,"Y","N",,"condition OK","Y",,"Kathman and Brinkhurst, 1999","N","Rhithron Associates, Inc.","A. Fasbender",,,
"4a6b3745-98ce-489c-abb8-3594752cb7a2","D06","KING","KING.AOS.reach","2022-03-22T15:51Z","2022-08-29","KING.20220322.CORE.1","A00000319154","BA22NEOMST15001O6","PRIPRO","Y","Pristina proboscidea",,"species","Annelida","Clitellata","Oligochaeta","Oligochaeta",,,"Tubificida",,,,"Naididae","Pristininae",,,"Pristina","proboscidea",,"unknown",1,,1,100,1,"N","N",,"condition OK","Y",,"Kathman and Brinkhurst, 1999","N","Rhithron Associates, Inc.","A. Fasbender",,,
"cd7aa6a9-f8cb-444e-927f-3040a0bf7409","D06","KING","KING.AOS.reach","2022-03-22T15:51Z","2022-08-30","KING.20220322.CORE.3","A00000319152","BA22NEOMST15003O5","DERDIG","Y","Dero digitata",,"species","Annelida","Clitellata","Oligochaeta","Oligochaeta",,,"Tubificida",,,,"Naididae","Naidinae",,,"Dero","digitata",,"unknown",3,,1,100,1,"N","N",,"condition OK","Y",,"Kathman and Brinkhurst, 1999","N","Rhithron Associates, Inc.","A. Fasbender",,,
"82680796-f08d-4854-8638-4ac5c90a31cf","D06","KING","KING.AOS.reach","2022-03-22T15:51Z","2022-08-30","KING.20220322.CORE.3","A00000319152","BA22NEOMST15003O8","NAICOM","Y","Nais communis/variabilis",,"speciesGroup","Annelida","Clitellata","Oligochaeta","Oligochaeta",,,"Tubificida",,,,"Naididae","Naidinae",,,"Nais","communis/variabilis",,"immature",2,,13,100,13,"Y","N",,"condition OK","Y",,"Kathman and Brinkhurst, 1999","N","Rhithron Associates, Inc.","A. Fasbender",,,
"bade4964-106d-4037-a639-9229a5f2b6b9","D06","KING","KING.AOS.reach","2022-03-22T15:51Z","2022-08-29","KING.20220322.CORE.2","A00000319153","BA22NEOMST15002O2","LIMHOF1","Y","Limnodrilus hoffmeisteri cx.",,"speciesGroup","Annelida","Clitellata","Oligochaeta","Oligochaeta",,,"Tubificida",,,,"Naididae","Tubificinae",,,"Limnodrilus","cx.",,"immature",16,,1,100,1,"Y","N",,"condition OK","Y",,"Kathman and Brinkhurst, 1999","N","Rhithron Associates, Inc.","A. Fasbender",,,
"c9b3e192-7748-47cf-a9e1-4da9a1693443","D06","KING","KING.AOS.reach","2022-03-22T15:51Z","2022-09-12","KING.20220322.CORE.3","A00000319152",,"CAESP5","Y","Caenis sp.",,"genus","Arthropoda","Hexapoda","Insecta","Pterygota","Palaeoptera",,"Ephemeroptera","Furcatergalia","Pannota","Caenoidea","Caenidae","Caeninae",,,"Caenis","sp.",,"larva",2,,3,100,3,"Y","N","early instar","condition OK","Y",,"Provonsha 1990","N","Rhithron Associates, Inc.","J. Webb",,,
"ccd75451-80c2-4a5c-a9ac-0b14180a37ba","D06","KING","KING.AOS.reach","2022-03-22T15:51Z","2022-09-01","KING.20220322.CORE.1","A00000319154",,"LARSP","Y","Larsia sp.",,"genus","Arthropoda","Hexapoda","Insecta","Pterygota","Neoptera","Holometabola","Diptera","Nematocera","Culicomorpha",,"Chironomidae","Tanypodinae","Pentaneurini",,"Larsia","sp.",,"larva",2,,1,100,1,"N","N",,"condition OK","Y",,"Weiderholm, 1983; Weiderholm, 1986; Epler 2001; Ferrington et al. 2019; Andersen, Cranston and Epler 2013","N","Rhithron Associates, Inc.","A. Fasbender",,,
"17cb6eff-b872-4fc6-95f4-3646e808e669","D06","KING","KING.AOS.reach","2022-03-22T15:51Z","2022-08-30","KING.20220322.CORE.3","A00000319152","BA22NEOMST15003O5","NAICOM","Y","Nais communis/variabilis",,"speciesGroup","Annelida","Clitellata","Oligochaeta","Oligochaeta",,,"Tubificida",,,,"Naididae","Naidinae",,,"Nais","communis/variabilis",,"immature",2,,10,100,10,"Y","N",,"condition OK","Y",,"Kathman and Brinkhurst, 1999","N","Rhithron Associates, Inc.","A. Fasbender",,,
"e258e73a-be83-4c7f-a190-b6dfc2133e09","D06","KING","KING.AOS.reach","2022-03-22T15:51Z","2022-08-29","KING.20220322.CORE.2","A00000319153","BA22NEOMST15002O5","DERDIG","Y","Dero digitata",,"species","Annelida","Clitellata","Oligochaeta","Oligochaeta",,,"Tubificida",,,,"Naididae","Naidinae",,,"Dero","digitata",,"unknown",2,,2,100,2,"N","N",,"condition OK","Y",,"Kathman and Brinkhurst, 1999","N","Rhithron Associates, Inc.","A. Fasbender",,,
"96614236-3d68-4314-984b-44431e2d1c81","D06","KING","KING.AOS.reach","2022-03-22T15:51Z","2022-08-29","KING.20220322.CORE.2","A00000319153","BA22NEOMST15002O6","NAICOM","Y","Nais communis/variabilis",,"speciesGroup","Annelida","Clitellata","Oligochaeta","Oligochaeta",,,"Tubificida",,,,"Naididae","Naidinae",,,"Nais","communis/variabilis",,"immature",2,,18,100,18,"Y","N",,"condition OK","Y",,"Kathman and Brinkhurst, 1999","N","Rhithron Associates, Inc.","A. Fasbender",,,
"0e2ae560-1e1f-4028-8cea-8c46393a2de8","D06","KING","KING.AOS.reach","2022-03-22T15:51Z","2022-08-30","KING.20220322.CORE.3","A00000319152","BA22NEOMST15003O9","NAICOM","Y","Nais communis/variabilis",,"speciesGroup","Annelida","Clitellata","Oligochaeta","Oligochaeta",,,"Tubificida",,,,"Naididae","Naidinae",,,"Nais","communis/variabilis",,"immature",2,,9,100,9,"Y","N",,"condition OK","Y",,"Kathman and Brinkhurst, 1999","N","Rhithron Associates, Inc.","A. Fasbender",,,
"10a4804e-3556-44c9-80f1-91a2e7131be9","D06","KING","KING.AOS.reach","2022-03-22T15:51Z","2022-08-29","KING.20220322.CORE.1","A00000319154","BA22NEOMST15001O1","NAISP","Y","Naididae sp.",,"family","Annelida","Clitellata","Oligochaeta","Oligochaeta",,,"Tubificida",,,,"Naididae",,,,,"sp.",,"immature",4,,2,100,2,"Y","N",,"condition OK","Y",,"Kathman and Brinkhurst, 1999","N","Rhithron Associates, Inc.","A. Fasbender","Rhyacodrilinae/Tubificinae w/ HC",,
"ce8ca0c0-dc4e-4a49-be4a-3709cf4aa6a2","D06","KING","KING.AOS.reach","2022-03-22T15:51Z","2022-09-16","KING.20220322.CORE.2","A00000319153",,"CHISP8","Y","Chironomus sp.",,"genus","Arthropoda","Hexapoda","Insecta","Pterygota","Neoptera","Holometabola","Diptera","Nematocera","Culicomorpha",,"Chironomidae","Chironominae","Chironomini",,"Chironomus","sp.",,"larva",9,,1,100,1,"N","N",,"condition OK","Y",,"Weiderholm, 1983; Weiderholm, 1986; Epler 2001; Ferrington et al. 2019; Andersen, Cranston and Epler 2013","N","Rhithron Associates, Inc.","A. Fasbender",,,
"cb4e743f-be61-462c-8aaa-d874f7c847ba","D06","KING","KING.AOS.reach","2022-03-22T15:51Z","2022-08-29","KING.20220322.CORE.1","A00000319154","BA22NEOMST15001O4","NAICOM","Y","Nais communis/variabilis",,"speciesGroup","Annelida","Clitellata","Oligochaeta","Oligochaeta",,,"Tubificida",,,,"Naididae","Naidinae",,,"Nais","communis/variabilis",,"immature",2,,2,100,2,"Y","N",,"condition OK","Y",,"Kathman and Brinkhurst, 1999","N","Rhithron Associates, Inc.","A. Fasbender",,,
"30caa064-2093-4cbe-a4b5-af45cd35e9db","D06","KING","KING.AOS.reach","2022-03-22T15:51Z","2022-09-16","KING.20220322.CORE.2","A00000319153",,"CHISP8","Y","Chironomus sp.",,"genus","Arthropoda","Hexapoda","Insecta","Pterygota","Neoptera","Holometabola","Diptera","Nematocera","Culicomorpha",,"Chironomidae","Chironominae","Chironomini",,"Chironomus","sp.",,"larva",7,,1,100,1,"N","N",,"condition OK","Y",,"Weiderholm, 1983; Weiderholm, 1986; Epler 2001; Ferrington et al. 2019; Andersen, Cranston and Epler 2013","N","Rhithron Associates, Inc.","A. Fasbender",,,
"3b8a246e-4802-45fe-8c5e-be015ee96093","D06","KING","KING.AOS.reach","2022-03-22T15:51Z","2022-08-30","KING.20220322.CORE.3","A00000319152",,"CHISP8","Y","Chironomus sp.",,"genus","Arthropoda","Hexapoda","Insecta","Pterygota","Neoptera","Holometabola","Diptera","Nematocera","Culicomorpha",,"Chironomidae","Chironominae","Chironomini",,"Chironomus","sp.",,"larva",14,,3,100,3,"N","N",,"condition OK","Y",,"Weiderholm, 1983; Weiderholm, 1986; Epler 2001; Ferrington et al. 2019; Andersen, Cranston and Epler 2013","N","Rhithron Associates, Inc.","A. Fasbender",,,
"541fde89-bb02-4363-b2f9-0618ee357b07","D06","KING","KING.AOS.reach","2022-03-22T15:51Z","2022-09-12","KING.20220322.CORE.1","A00000319154",,"EMPSP","Y","Empididae sp.","Empididae Genus A","family","Arthropoda","Hexapoda","Insecta","Pterygota","Neoptera","Holometabola","Diptera","Brachycera","Muscomorpha",,"Empididae",,,,,"sp.",,"larva",2,,1,100,1,"N","N",,"condition OK","Y",,"Merritt et al. 2019","N","Rhithron Associates, Inc.","J. Webb",,,
"63e46aff-5f53-49f3-8473-c450dac17945","D06","KING","KING.AOS.reach","2022-03-22T15:51Z","2022-08-29","KING.20220322.CORE.2","A00000319153","BA22NEOMST15002O1","NAICOM","Y","Nais communis/variabilis",,"speciesGroup","Annelida","Clitellata","Oligochaeta","Oligochaeta",,,"Tubificida",,,,"Naididae","Naidinae",,,"Nais","communis/variabilis",,"immature",2,,9,100,9,"Y","N",,"condition OK","Y",,"Kathman and Brinkhurst, 1999","N","Rhithron Associates, Inc.","A. Fasbender",,,
"d131a9ac-a85c-4b91-ac3b-5bd1f2462da2","D06","KING","KING.AOS.reach","2022-03-22T15:51Z","2022-08-30","KING.20220322.CORE.3","A00000319152",,"TANSP11","Y","Tanytarsus sp.",,"genus","Arthropoda","Hexapoda","Insecta","Pterygota","Neoptera","Holometabola","Diptera","Nematocera","Culicomorpha",,"Chironomidae","Chironominae","Tanytarsini",,"Tanytarsus","sp.",,"larva",4,,1,100,1,"N","N",,"condition OK","Y",,"Weiderholm, 1983; Weiderholm, 1986; Epler 2001; Ferrington et al. 2019; Andersen, Cranston and Epler 2013","N","Rhithron Associates, Inc.","A. Fasbender",,,
"e0519c61-35da-49f2-9c12-cc427dcb29f6","D06","KING","KING.AOS.reach","2022-03-22T15:51Z","2022-08-29","KING.20220322.CORE.2","A00000319153","BA22NEOMST15002O2","DERDIG","Y","Dero digitata",,"species","Annelida","Clitellata","Oligochaeta","Oligochaeta",,,"Tubificida",,,,"Naididae","Naidinae",,,"Dero","digitata",,"unknown",4,,11,100,11,"N","N",,"condition OK","Y",,"Kathman and Brinkhurst, 1999","N","Rhithron Associates, Inc.","A. Fasbender",,,
"acdf843d-ff55-47f2-b821-cc9760da6b92","D06","KING","KING.AOS.reach","2022-03-22T15:51Z","2022-09-12","KING.20220322.CORE.3","A00000319152",,"PHYSP7","Y","Physa sp.",,"genus","Mollusca",,"Gastropoda",,,,"Basommatophora",,,,"Physidae",,,,"Physa","sp.",,"unknown",1,,1,100,1,"N","N",,"condition OK","Y",,"Thorp and Rogers 2016","N","Rhithron Associates, Inc.","J. Webb",,,
"77ff913e-19ca-43c4-8ac0-b7e1413622b5","D06","KING","KING.AOS.reach","2022-03-22T15:51Z","2022-09-16","KING.20220322.CORE.2","A00000319153",,"CHISP8","Y","Chironomus sp.",,"genus","Arthropoda","Hexapoda","Insecta","Pterygota","Neoptera","Holometabola","Diptera","Nematocera","Culicomorpha",,"Chironomidae","Chironominae","Chironomini",,"Chironomus","sp.",,"larva",13,,1,100,1,"N","N",,"condition OK","Y",,"Weiderholm, 1983; Weiderholm, 1986; Epler 2001; Ferrington et al. 2019; Andersen, Cranston and Epler 2013","N","Rhithron Associates, Inc.","A. Fasbender",,,
"48411ba5-812d-438d-9a6d-e2a45018f150","D06","KING","KING.AOS.reach","2022-03-22T15:51Z","2022-08-30","KING.20220322.CORE.3","A00000319152",,"NATSP2","Y","Natarsia sp.",,"genus","Arthropoda","Hexapoda","Insecta","Pterygota","Neoptera","Holometabola","Diptera","Nematocera","Culicomorpha",,"Chironomidae","Tanypodinae","Natarsiini",,"Natarsia","sp.",,"larva",7,,1,100,1,"N","N",,"condition OK","Y",,"Weiderholm, 1983; Weiderholm, 1986; Epler 2001; Ferrington et al. 2019; Andersen, Cranston and Epler 2013","N","Rhithron Associates, Inc.","A. Fasbender",,,
"b64cae96-d917-4d9b-a28d-50073f522943","D06","KING","KING.AOS.reach","2022-03-22T15:51Z","2022-09-12","KING.20220322.CORE.3","A00000319152",,"HYDSP21","Y","Hydra sp.",,"genus","Cnidaria","Medusozoa","Hydrozoa","Hydroidolina",,,"Anthoathecatae","Capitata",,,"Hydridae",,,,"Hydra","sp.",,"unknown",1,,1,100,1,"N","N",,"condition OK","Y",,"Thorp and Rogers 2016","N","Rhithron Associates, Inc.","J. Webb",,,
"1156d8f4-4299-4ab7-a9c5-fcde368bd7de","D06","KING","KING.AOS.reach","2022-03-22T15:51Z","2022-08-29","KING.20220322.CORE.2","A00000319153","BA22NEOMST15002O2","NAICOM","Y","Nais communis/variabilis",,"speciesGroup","Annelida","Clitellata","Oligochaeta","Oligochaeta",,,"Tubificida",,,,"Naididae","Naidinae",,,"Nais","communis/variabilis",,"immature",3,,2,100,2,"Y","N",,"condition OK","Y",,"Kathman and Brinkhurst, 1999","N","Rhithron Associates, Inc.","A. Fasbender",,,
"6276a0ec-4e35-406f-8371-a9aff55fd18f","D06","KING","KING.AOS.reach","2022-03-22T15:51Z","2022-09-16","KING.20220322.CORE.2","A00000319153",,"TANSP11","Y","Tanytarsus sp.",,"genus","Arthropoda","Hexapoda","Insecta","Pterygota","Neoptera","Holometabola","Diptera","Nematocera","Culicomorpha",,"Chironomidae","Chironominae","Tanytarsini",,"Tanytarsus","sp.",,"larva",5,,1,100,1,"N","N",,"condition OK","Y",,"Weiderholm, 1983; Weiderholm, 1986; Epler 2001; Ferrington et al. 2019; Andersen, Cranston and Epler 2013","N","Rhithron Associates, Inc.","A. Fasbender",,,
"6fc3e356-910d-4b72-8cc1-0802f2b51dc7","D06","KING","KING.AOS.reach","2022-03-22T15:51Z","2022-09-12","KING.20220322.CORE.1","A00000319154",,"CAPSP2","Y","Capniidae sp.",,"family","Arthropoda","Hexapoda","Insecta","Pterygota","Neoptera","Polyneoptera","Plecoptera","Euholognatha",,,"Capniidae",,,,,"sp.",,"larva",5,,1,100,1,"N","N","damaged","damaged, affecting taxonomy and measurement","Y",,"Stewart and Stark 2002; Merritt et al. 2019","N","Rhithron Associates, Inc.","J. Webb",,,
"f881f3e5-4c2f-41dc-9912-a013cf70a629","D06","KING","KING.AOS.reach","2022-03-22T15:51Z","2022-08-29","KING.20220322.CORE.1","A00000319154","BA22NEOMST15001O6","ENCSP1","Y","Enchytraeidae sp.",,"family","Annelida","Clitellata","Oligochaeta","Oligochaeta",,,"Enchytraeida",,,,"Enchytraeidae",,,,,"sp.",,"unknown",3,,2,100,2,"N","N",,"condition OK","Y",,"Kathman and Brinkhurst, 1999","N","Rhithron Associates, Inc.","A. Fasbender",,,
"fabbe27c-01cb-4003-a57d-109d7219adaa","D06","KING","KING.AOS.reach","2022-03-22T15:51Z","2022-08-29","KING.20220322.CORE.1","A00000319154","BA22NEOMST15001O5","PRIPRO","Y","Pristina proboscidea",,"species","Annelida","Clitellata","Oligochaeta","Oligochaeta",,,"Tubificida",,,,"Naididae","Pristininae",,,"Pristina","proboscidea",,"unknown",2,,8,100,8,"N","N",,"condition OK","Y",,"Kathman and Brinkhurst, 1999","N","Rhithron Associates, Inc.","A. Fasbender",,,
"5c2289fc-60d4-46c2-a23a-993e7eea7704","D06","KING","KING.AOS.reach","2022-03-22T15:51Z","2022-08-29","KING.20220322.CORE.1","A00000319154","BA22NEOMST15001O5","ENCSP1","Y","Enchytraeidae sp.",,"family","Annelida","Clitellata","Oligochaeta","Oligochaeta",,,"Enchytraeida",,,,"Enchytraeidae",,,,,"sp.",,"unknown",1,,1,100,1,"N","N",,"condition OK","Y",,"Kathman and Brinkhurst, 1999","N","Rhithron Associates, Inc.","A. Fasbender",,,
"386df552-9c2e-4b2c-a964-7c3b84361222","D06","KING","KING.AOS.reach","2022-03-22T15:51Z","2022-08-30","KING.20220322.CORE.3","A00000319152","BA22NEOMST15003O4","NAICOM","Y","Nais communis/variabilis",,"speciesGroup","Annelida","Clitellata","Oligochaeta","Oligochaeta",,,"Tubificida",,,,"Naididae","Naidinae",,,"Nais","communis/variabilis",,"immature",2,,15,100,15,"Y","N",,"condition OK","Y",,"Kathman and Brinkhurst, 1999","N","Rhithron Associates, Inc.","A. Fasbender",,,
"e52aefe2-00e7-46f8-893d-ba036d5fdc4d","D06","KING","KING.AOS.reach","2022-03-22T15:51Z","2022-08-29","KING.20220322.CORE.1","A00000319154","BA22NEOMST15001O3","NAISP","Y","Naididae sp.",,"family","Annelida","Clitellata","Oligochaeta","Oligochaeta",,,"Tubificida",,,,"Naididae",,,,,"sp.",,"immature",5,,4,100,4,"Y","N",,"condition OK","Y",,"Kathman and Brinkhurst, 1999","N","Rhithron Associates, Inc.","A. Fasbender","Rhyacodrilinae/Tubificinae w/ HC",,
"88bd02b0-c4a9-47c4-9958-525532e65ee3","D06","KING","KING.AOS.reach","2022-03-22T15:51Z","2022-08-29","KING.20220322.CORE.1","A00000319154","BA22NEOMST15001O3","PRIPRO","Y","Pristina proboscidea",,"species","Annelida","Clitellata","Oligochaeta","Oligochaeta",,,"Tubificida",,,,"Naididae","Pristininae",,,"Pristina","proboscidea",,"unknown",2,,2,100,2,"N","N",,"condition OK","Y",,"Kathman and Brinkhurst, 1999","N","Rhithron Associates, Inc.","A. Fasbender",,,
"b3041f39-cc03-4228-ad7d-6efb43d606d9","D06","KING","KING.AOS.reach","2022-03-22T15:51Z","2022-08-29","KING.20220322.CORE.2","A00000319153","BA22NEOMST15002O7","DERDIG","Y","Dero digitata",,"species","Annelida","Clitellata","Oligochaeta","Oligochaeta",,,"Tubificida",,,,"Naididae","Naidinae",,,"Dero","digitata",,"unknown",3,,1,100,1,"N","N",,"condition OK","Y",,"Kathman and Brinkhurst, 1999","N","Rhithron Associates, Inc.","A. Fasbender",,,
"9043afa1-3c17-40e7-bcff-bd0835c25b58","D06","KING","KING.AOS.reach","2022-03-22T15:51Z","2022-08-29","KING.20220322.CORE.1","A00000319154","BA22NEOMST15001O1","AEOSP2","Y","Aeolosoma sp.",,"genus","Annelida","Clitellata","Oligochaeta",,,,"Aeolosomatida",,,,"Aeolosomatidae",,,,"Aeolosoma","sp.",,"unknown",1,,1,100,1,"N","N",,"condition OK","Y",,"Kathman and Brinkhurst, 1999","N","Rhithron Associates, Inc.","A. Fasbender",,,
"1f67bdaf-806f-4fb6-a72d-0e03872ac953","D06","KING","KING.AOS.reach","2022-03-22T15:51Z","2022-08-29","KING.20220322.CORE.2","A00000319153","BA22NEOMST15002O2","PRIPRO","Y","Pristina proboscidea",,"species","Annelida","Clitellata","Oligochaeta","Oligochaeta",,,"Tubificida",,,,"Naididae","Pristininae",,,"Pristina","proboscidea",,"unknown",3,,1,100,1,"N","N",,"condition OK","Y",,"Kathman and Brinkhurst, 1999","N","Rhithron Associates, Inc.","A. Fasbender",,,
"b3738b2d-9112-438d-bda2-0ab30db7e488","D06","KING","KING.AOS.reach","2022-03-22T15:51Z","2022-08-30","KING.20220322.CORE.3","A00000319152","BA22NEOMST15003O10","NAISP","Y","Naididae sp.",,"family","Annelida","Clitellata","Oligochaeta","Oligochaeta",,,"Tubificida",,,,"Naididae",,,,,"sp.",,"immature",2,,1,100,1,"Y","N",,"condition OK","N",,"Kathman and Brinkhurst, 1999","N","Rhithron Associates, Inc.","A. Fasbender",,,
"b2cc7726-3883-4a53-85a5-e920bd34be32","D06","KING","KING.AOS.reach","2022-03-22T15:51Z","2022-09-12","KING.20220322.CORE.2","A00000319153",,"NEMSP","Y","Nematoda sp.",,"phylum","Nematoda",,,,,,,,,,,,,,,"sp.",,"unknown",7,,1,100,1,"N","N",,"condition OK","Y",,"Thorp and Rogers 2016","N","Rhithron Associates, Inc.","J. Webb",,,
"3e3bf989-c291-4e20-a2f1-90cfefb7dceb","D06","KING","KING.AOS.reach","2022-03-22T15:51Z","2022-09-16","KING.20220322.CORE.2","A00000319153",,"DICSP7","Y","Dicrotendipes sp.",,"genus","Arthropoda","Hexapoda","Insecta","Pterygota","Neoptera","Holometabola","Diptera","Nematocera","Culicomorpha",,"Chironomidae","Chironominae","Chironomini",,"Dicrotendipes","sp.",,"larva",9,,2,100,2,"N","N",,"condition OK","Y",,"Weiderholm, 1983; Weiderholm, 1986; Epler 2001; Ferrington et al. 2019; Andersen, Cranston and Epler 2013","N","Rhithron Associates, Inc.","A. Fasbender",,,
"27689b61-0fd7-4a37-aefd-3ff50c0e3fa5","D06","KING","KING.AOS.reach","2022-03-22T15:51Z","2022-09-12","KING.20220322.CORE.3","A00000319152",,"OSTSP","Y","Ostracoda sp.",,"class","Arthropoda","Crustacea","Ostracoda",,,,,,,,,,,,,"sp.",,"unknown",1,,34,100,34,"N","N",,"condition OK","Y",,"Thorp and Rogers 2016","N","Rhithron Associates, Inc.","J. Webb",,,
"7792bf0a-7314-4285-b2fd-800eb13c8a30","D06","KING","KING.AOS.reach","2022-03-22T15:51Z","2022-08-29","KING.20220322.CORE.2","A00000319153","BA22NEOMST15002O2","NAICOM","Y","Nais communis/variabilis",,"speciesGroup","Annelida","Clitellata","Oligochaeta","Oligochaeta",,,"Tubificida",,,,"Naididae","Naidinae",,,"Nais","communis/variabilis",,"immature",2,,5,100,5,"Y","N",,"condition OK","Y",,"Kathman and Brinkhurst, 1999","N","Rhithron Associates, Inc.","A. Fasbender",,,
"e6274960-c7b6-4eac-ad72-660fb8f41a8e","D06","KING","KING.AOS.reach","2022-03-22T15:51Z","2022-09-16","KING.20220322.CORE.2","A00000319153",,"NATSP2","Y","Natarsia sp.",,"genus","Arthropoda","Hexapoda","Insecta","Pterygota","Neoptera","Holometabola","Diptera","Nematocera","Culicomorpha",,"Chironomidae","Tanypodinae","Natarsiini",,"Natarsia","sp.",,"larva",5,,1,100,1,"N","N",,"condition OK","Y",,"Weiderholm, 1983; Weiderholm, 1986; Epler 2001; Ferrington et al. 2019; Andersen, Cranston and Epler 2013","N","Rhithron Associates, Inc.","A. Fasbender",,,
"2dc6710a-d4f0-4808-939f-d8e8029f6dd9","D06","KING","KING.AOS.reach","2022-03-22T15:51Z","2022-08-29","KING.20220322.CORE.1","A00000319154","BA22NEOMST15001O3","NAISP","Y","Naididae sp.",,"family","Annelida","Clitellata","Oligochaeta","Oligochaeta",,,"Tubificida",,,,"Naididae",,,,,"sp.",,"immature",4,,1,100,1,"Y","N",,"condition OK","Y",,"Kathman and Brinkhurst, 1999","N","Rhithron Associates, Inc.","A. Fasbender","Rhyacodrilinae/Tubificinae w/ HC",,
"54177916-7147-47df-bb83-386df59c66b5","D06","KING","KING.AOS.reach","2022-03-22T15:51Z","2022-09-01","KING.20220322.CORE.1","A00000319154",,"TANSP11","Y","Tanytarsus sp.",,"genus","Arthropoda","Hexapoda","Insecta","Pterygota","Neoptera","Holometabola","Diptera","Nematocera","Culicomorpha",,"Chironomidae","Chironominae","Tanytarsini",,"Tanytarsus","sp.",,"larva",4,,1,100,1,"N","N",,"condition OK","Y",,"Weiderholm, 1983; Weiderholm, 1986; Epler 2001; Ferrington et al. 2019; Andersen, Cranston and Epler 2013","N","Rhithron Associates, Inc.","A. Fasbender",,,
"cb929afe-9f96-4a36-b949-86c78339709f","D06","KING","KING.AOS.reach","2022-03-22T15:51Z","2022-09-12","KING.20220322.CORE.1","A00000319154",,"ISOSP","Y","Isopoda sp.",,"order","Arthropoda","Crustacea","Malacostraca","Eumalacostraca",,"Peracarida","Isopoda",,,,,,,,,"sp.",,"unknown",3,,1,100,1,"N","N","damaged","damaged, affecting taxonomy and measurement","Y",,"Thorp and Rogers, 2016","N","Rhithron Associates, Inc.","J. Webb",,,
"f1f64683-7257-40da-913b-98e4c9eeb9ad","D06","KING","KING.AOS.reach","2022-03-22T15:51Z","2022-08-29","KING.20220322.CORE.1","A00000319154","BA22NEOMST15001O1","NAISP","Y","Naididae sp.",,"family","Annelida","Clitellata","Oligochaeta","Oligochaeta",,,"Tubificida",,,,"Naididae",,,,,"sp.",,"immature",3,,1,100,1,"Y","N",,"condition OK","N",,"Kathman and Brinkhurst, 1999","N","Rhithron Associates, Inc.","A. Fasbender",,,
"2de4f668-0bc5-4cf8-b2db-7339500d4f0b","D06","KING","KING.AOS.reach","2022-03-22T15:51Z","2022-09-16","KING.20220322.CORE.2","A00000319153",,"DICSP7","Y","Dicrotendipes sp.",,"genus","Arthropoda","Hexapoda","Insecta","Pterygota","Neoptera","Holometabola","Diptera","Nematocera","Culicomorpha",,"Chironomidae","Chironominae","Chironomini",,"Dicrotendipes","sp.",,"larva",10,,2,100,2,"N","N",,"condition OK","Y",,"Weiderholm, 1983; Weiderholm, 1986; Epler 2001; Ferrington et al. 2019; Andersen, Cranston and Epler 2013","N","Rhithron Associates, Inc.","A. Fasbender",,,
"997c2a9f-c214-4d42-bcdc-ea0ed4dfd860","D06","KING","KING.AOS.reach","2022-03-22T15:51Z","2022-09-12","KING.20220322.CORE.2","A00000319153",,"CAPSP2","Y","Capniidae sp.",,"family","Arthropoda","Hexapoda","Insecta","Pterygota","Neoptera","Polyneoptera","Plecoptera","Euholognatha",,,"Capniidae",,,,,"sp.",,"larva",4,,1,100,1,"N","N","damaged","damaged, affecting taxonomy and measurement","Y",,"Stewart and Stark 2002; Merritt et al. 2019","N","Rhithron Associates, Inc.","J. Webb",,,
"f1896fc1-6a73-4059-ac2d-93848b80acfd","D06","KING","KING.AOS.reach","2022-03-22T15:51Z","2022-09-01","KING.20220322.CORE.1","A00000319154",,"PARSP33","Y","Paratendipes sp.",,"genus","Arthropoda","Hexapoda","Insecta","Pterygota","Neoptera","Holometabola","Diptera","Nematocera","Culicomorpha",,"Chironomidae","Chironominae","Chironomini",,"Paratendipes","sp.",,"larva",3,,6,100,6,"N","N",,"condition OK","Y",,"Weiderholm, 1983; Weiderholm, 1986; Epler 2001; Ferrington et al. 2019; Andersen, Cranston and Epler 2013","N","Rhithron Associates, Inc.","A. Fasbender",,,
"04121277-a039-4c76-a0c0-774d55daa38e","D06","KING","KING.AOS.reach","2022-03-22T15:51Z","2022-08-30","KING.20220322.CORE.3","A00000319152","BA22NEOMST15003O3","NAICOM","Y","Nais communis/variabilis",,"speciesGroup","Annelida","Clitellata","Oligochaeta","Oligochaeta",,,"Tubificida",,,,"Naididae","Naidinae",,,"Nais","communis/variabilis",,"immature",2,,12,100,12,"Y","N",,"condition OK","Y",,"Kathman and Brinkhurst, 1999","N","Rhithron Associates, Inc.","A. Fasbender",,,
"e98550f2-5d73-457e-a324-c7426ec553b5","D06","KING","KING.AOS.reach","2022-03-22T15:51Z","2022-09-12","KING.20220322.CORE.1","A00000319154",,"CAESP5","Y","Caenis sp.",,"genus","Arthropoda","Hexapoda","Insecta","Pterygota","Palaeoptera",,"Ephemeroptera","Furcatergalia","Pannota","Caenoidea","Caenidae","Caeninae",,,"Caenis","sp.",,"larva",2,,6,100,6,"Y","N","early instar","condition OK","Y",,"Provonsha 1990","N","Rhithron Associates, Inc.","J. Webb",,,
"9d8a6a8c-4a99-4025-a35a-1c38bbc80c46","D06","KING","KING.AOS.reach","2022-03-22T15:51Z","2022-08-30","KING.20220322.CORE.3","A00000319152","BA22NEOMST15003O6","DERDIG","Y","Dero digitata",,"species","Annelida","Clitellata","Oligochaeta","Oligochaeta",,,"Tubificida",,,,"Naididae","Naidinae",,,"Dero","digitata",,"unknown",4,,1,100,1,"N","N",,"condition OK","Y",,"Kathman and Brinkhurst, 1999","N","Rhithron Associates, Inc.","A. Fasbender",,,
"132a56af-7670-4f71-9a6c-8ec8f0d058db","D06","KING","KING.AOS.reach","2022-03-22T15:51Z","2022-08-30","KING.20220322.CORE.3","A00000319152","BA22NEOMST15003O1","NAICOM","Y","Nais communis/variabilis",,"speciesGroup","Annelida","Clitellata","Oligochaeta","Oligochaeta",,,"Tubificida",,,,"Naididae","Naidinae",,,"Nais","communis/variabilis",,"immature",2,,4,100,4,"Y","N",,"condition OK","Y",,"Kathman and Brinkhurst, 1999","N","Rhithron Associates, Inc.","A. Fasbender",,,
"37abbb18-3073-4f5b-bb0a-41e4b9aad908","D06","KING","KING.AOS.reach","2022-03-22T15:51Z","2022-08-29","KING.20220322.CORE.1","A00000319154","BA22NEOMST15001O1","PRIPRO","Y","Pristina proboscidea",,"species","Annelida","Clitellata","Oligochaeta","Oligochaeta",,,"Tubificida",,,,"Naididae","Pristininae",,,"Pristina","proboscidea",,"unknown",1,,2,100,2,"N","N",,"condition OK","Y",,"Kathman and Brinkhurst, 1999","N","Rhithron Associates, Inc.","A. Fasbender",,,
"64d953f0-13c7-41a8-89f9-539043f146f6","D06","KING","KING.AOS.reach","2022-03-22T15:51Z","2022-08-30","KING.20220322.CORE.3","A00000319152","BA22NEOMST15003O3","DERDIG","Y","Dero digitata",,"species","Annelida","Clitellata","Oligochaeta","Oligochaeta",,,"Tubificida",,,,"Naididae","Naidinae",,,"Dero","digitata",,"unknown",4,,1,100,1,"N","N",,"condition OK","Y",,"Kathman and Brinkhurst, 1999","N","Rhithron Associates, Inc.","A. Fasbender",,,
"a0f6f5e9-e84a-49d0-9fdb-2222b14b1687","D06","KING","KING.AOS.reach","2022-03-22T15:51Z","2022-09-01","KING.20220322.CORE.1","A00000319154",,"TANSP11","Y","Tanytarsus sp.",,"genus","Arthropoda","Hexapoda","Insecta","Pterygota","Neoptera","Holometabola","Diptera","Nematocera","Culicomorpha",,"Chironomidae","Chironominae","Tanytarsini",,"Tanytarsus","sp.",,"larva",3,,1,100,1,"N","N",,"condition OK","Y",,"Weiderholm, 1983; Weiderholm, 1986; Epler 2001; Ferrington et al. 2019; Andersen, Cranston and Epler 2013","N","Rhithron Associates, Inc.","A. Fasbender",,,
"8dad1971-85ff-4302-9e77-0beebee5ba03","D06","KING","KING.AOS.reach","2022-03-22T15:51Z","2022-09-01","KING.20220322.CORE.1","A00000319154",,"THIGRO","Y","Thienemannimyia gr.",,"speciesGroup","Arthropoda","Hexapoda","Insecta","Pterygota","Neoptera","Holometabola","Diptera","Nematocera","Culicomorpha",,"Chironomidae","Tanypodinae","Pentaneurini",,"Thienemannimyia","gr.",,"larva",5,,1,100,1,"Y","N","early instar","condition OK","Y",,"Weiderholm, 1983; Weiderholm, 1986; Epler 2001; Ferrington et al. 2008; Andersen, Cranston and Epler 2017","N","Rhithron Associates, Inc.","A. Fasbender",,,
"0880497c-7445-4177-8710-62164e4d4c46","D06","KING","KING.AOS.reach","2022-03-22T15:51Z","2022-09-16","KING.20220322.CORE.2","A00000319153",,"DICSP7","Y","Dicrotendipes sp.",,"genus","Arthropoda","Hexapoda","Insecta","Pterygota","Neoptera","Holometabola","Diptera","Nematocera","Culicomorpha",,"Chironomidae","Chironominae","Chironomini",,"Dicrotendipes","sp.",,"larva",6,,3,100,3,"N","N",,"condition OK","Y",,"Weiderholm, 1983; Weiderholm, 1986; Epler 2001; Ferrington et al. 2019; Andersen, Cranston and Epler 2013","N","Rhithron Associates, Inc.","A. Fasbender",,,
"85bb0aa0-c6fb-4a13-bd63-c13eb674e68c","D06","KING","KING.AOS.reach","2022-03-22T15:51Z","2022-09-16","KING.20220322.CORE.2","A00000319153",,"TANSP11","Y","Tanytarsus sp.",,"genus","Arthropoda","Hexapoda","Insecta","Pterygota","Neoptera","Holometabola","Diptera","Nematocera","Culicomorpha",,"Chironomidae","Chironominae","Tanytarsini",,"Tanytarsus","sp.",,"larva",3,,2,100,2,"N","N",,"condition OK","Y",,"Weiderholm, 1983; Weiderholm, 1986; Epler 2001; Ferrington et al. 2019; Andersen, Cranston and Epler 2013","N","Rhithron Associates, Inc.","A. Fasbender",,,
"8493b2e6-4da1-4d74-b2c6-93729b4104f0","D06","KING","KING.AOS.reach","2022-03-22T15:51Z","2022-09-01","KING.20220322.CORE.1","A00000319154",,"PARSP26","Y","Parametriocnemus sp.",,"genus","Arthropoda","Hexapoda","Insecta","Pterygota","Neoptera","Holometabola","Diptera","Nematocera","Culicomorpha",,"Chironomidae","Orthocladiinae",,,"Parametriocnemus","sp.",,"larva",5,,1,100,1,"N","N",,"condition OK","Y",,"Weiderholm, 1983; Weiderholm, 1986; Epler 2001; Ferrington et al. 2019; Andersen, Cranston and Epler 2013","N","Rhithron Associates, Inc.","A. Fasbender",,,
"e5415110-c9e4-4d91-a859-ebaac937c671","D06","KING","KING.AOS.reach","2022-03-22T15:51Z","2022-08-29","KING.20220322.CORE.2","A00000319153","BA22NEOMST15002O7","NAICOM","Y","Nais communis/variabilis",,"speciesGroup","Annelida","Clitellata","Oligochaeta","Oligochaeta",,,"Tubificida",,,,"Naididae","Naidinae",,,"Nais","communis/variabilis",,"immature",1,,2,100,2,"Y","N",,"condition OK","Y",,"Kathman and Brinkhurst, 1999","N","Rhithron Associates, Inc.","A. Fasbender",,,
"bf4c0326-10dd-4b89-9a1b-bd23d96e6f8c","D06","KING","KING.AOS.reach","2022-03-22T15:51Z","2022-09-16","KING.20220322.CORE.2","A00000319153",,"CHISP6","Y","Chironomini sp.",,"tribe","Arthropoda","Hexapoda","Insecta","Pterygota","Neoptera","Holometabola","Diptera","Nematocera","Culicomorpha",,"Chironomidae","Chironominae","Chironomini",,,"sp.",,"pupa",8,,5,100,5,"N","N","damaged","damaged, affecting taxonomy and measurement","N",,"Weiderholm, 1983; Weiderholm, 1986; Epler 2001; Ferrington et al. 2019; Andersen, Cranston and Epler 2013","N","Rhithron Associates, Inc.","A. Fasbender",,,
"a3da6601-ce5e-4562-87d3-179200b9f785","D06","KING","KING.AOS.reach","2022-03-22T15:51Z","2022-08-29","KING.20220322.CORE.1","A00000319154","BA22NEOMST15001O5","NAISP","Y","Naididae sp.",,"family","Annelida","Clitellata","Oligochaeta","Oligochaeta",,,"Tubificida",,,,"Naididae",,,,,"sp.",,"immature",4,,2,100,2,"Y","N",,"condition OK","Y",,"Kathman and Brinkhurst, 1999","N","Rhithron Associates, Inc.","A. Fasbender","Rhyacodrilinae/Tubificinae w/ HC",,
"922f1e01-293d-4843-884d-99b6147c0a06","D06","KING","KING.AOS.reach","2022-03-22T15:51Z","2022-09-16","KING.20220322.CORE.2","A00000319153",,"PARSP33","Y","Paratendipes sp.",,"genus","Arthropoda","Hexapoda","Insecta","Pterygota","Neoptera","Holometabola","Diptera","Nematocera","Culicomorpha",,"Chironomidae","Chironominae","Chironomini",,"Paratendipes","sp.",,"larva",4,,3,100,3,"N","N",,"condition OK","Y",,"Weiderholm, 1983; Weiderholm, 1986; Epler 2001; Ferrington et al. 2019; Andersen, Cranston and Epler 2013","N","Rhithron Associates, Inc.","A. Fasbender",,,
"adbbae5f-21cf-422d-9c4d-11ef1cc8a1b6","D06","KING","KING.AOS.reach","2022-03-22T15:51Z","2022-08-29","KING.20220322.CORE.2","A00000319153","BA22NEOMST15002O7","NAICOM","Y","Nais communis/variabilis",,"speciesGroup","Annelida","Clitellata","Oligochaeta","Oligochaeta",,,"Tubificida",,,,"Naididae","Naidinae",,,"Nais","communis/variabilis",,"immature",2,,16,100,16,"Y","N",,"condition OK","Y",,"Kathman and Brinkhurst, 1999","N","Rhithron Associates, Inc.","A. Fasbender",,,
"6f2cb399-bc7d-49ea-8e3f-834217138605","D06","KING","KING.AOS.reach","2022-03-22T15:51Z","2022-09-12","KING.20220322.CORE.1","A00000319154",,"HYDSP18","Y","Hydroporinae sp.",,"subfamily","Arthropoda","Hexapoda","Insecta","Pterygota","Neoptera","Holometabola","Coleoptera","Adephaga",,,"Dytiscidae","Hydroporinae",,,,"sp.",,"larva",1,,4,100,4,"Y","N","early instar","condition OK","Y",,"Larson Alarie and Roughley, 2000","N","Rhithron Associates, Inc.","J. Webb",,,
"cbdbdf71-67d5-41de-8119-7bddef2fc4ad","D06","KING","KING.AOS.reach","2022-03-22T15:51Z","2022-08-29","KING.20220322.CORE.1","A00000319154","BA22NEOMST15001O3","NAISP","Y","Naididae sp.",,"family","Annelida","Clitellata","Oligochaeta","Oligochaeta",,,"Tubificida",,,,"Naididae",,,,,"sp.",,"immature",3,,1,100,1,"Y","N",,"condition OK","Y",,"Kathman and Brinkhurst, 1999","N","Rhithron Associates, Inc.","A. Fasbender","Rhyacodrilinae/Tubificinae w/ HC",,
"c4613887-e995-45f4-a852-6efcd67a13f3","D06","KING","KING.AOS.reach","2022-03-22T15:51Z","2022-09-16","KING.20220322.CORE.2","A00000319153",,"TANSP11","Y","Tanytarsus sp.",,"genus","Arthropoda","Hexapoda","Insecta","Pterygota","Neoptera","Holometabola","Diptera","Nematocera","Culicomorpha",,"Chironomidae","Chironominae","Tanytarsini",,"Tanytarsus","sp.",,"larva",6,,3,100,3,"N","N",,"condition OK","Y",,"Weiderholm, 1983; Weiderholm, 1986; Epler 2001; Ferrington et al. 2019; Andersen, Cranston and Epler 2013","N","Rhithron Associates, Inc.","A. Fasbender",,,
"8fae2a29-4aea-4d45-9010-0a52ef776a95","D06","KING","KING.AOS.reach","2022-03-22T15:51Z","2022-08-30","KING.20220322.CORE.3","A00000319152","BA22NEOMST15003O7","PRIPRO","Y","Pristina proboscidea",,"species","Annelida","Clitellata","Oligochaeta","Oligochaeta",,,"Tubificida",,,,"Naididae","Pristininae",,,"Pristina","proboscidea",,"unknown",2,,1,100,1,"N","N",,"condition OK","Y",,"Kathman and Brinkhurst, 1999","N","Rhithron Associates, Inc.","A. Fasbender",,,
"e1268410-e175-46dd-a991-df9c5125dce8","D06","KING","KING.AOS.reach","2022-03-22T15:51Z","2022-08-29","KING.20220322.CORE.2","A00000319153","BA22NEOMST15002O4","DERDIG","Y","Dero digitata",,"species","Annelida","Clitellata","Oligochaeta","Oligochaeta",,,"Tubificida",,,,"Naididae","Naidinae",,,"Dero","digitata",,"unknown",4,,1,100,1,"N","N",,"condition OK","Y",,"Kathman and Brinkhurst, 1999","N","Rhithron Associates, Inc.","A. Fasbender",,,
"1a3ea150-5eb7-441e-8f56-55f6e36fdcb8","D06","KING","KING.AOS.reach","2022-03-22T15:51Z","2022-09-12","KING.20220322.CORE.1","A00000319154",,"HYDSP21","Y","Hydra sp.",,"genus","Cnidaria","Medusozoa","Hydrozoa","Hydroidolina",,,"Anthoathecatae","Capitata",,,"Hydridae",,,,"Hydra","sp.",,"unknown",1,,62,100,62,"N","N",,"condition OK","Y",,"Thorp and Rogers 2016","N","Rhithron Associates, Inc.","J. Webb",,,
"ba2ac36f-7209-4a53-83b1-03bb023b29ef","D06","KING","KING.AOS.reach","2022-03-22T15:51Z","2022-08-29","KING.20220322.CORE.1","A00000319154","BA22NEOMST15001O3","NAISP","Y","Naididae sp.",,"family","Annelida","Clitellata","Oligochaeta","Oligochaeta",,,"Tubificida",,,,"Naididae",,,,,"sp.",,"immature",3,,1,100,1,"Y","N",,"condition OK","N",,"Kathman and Brinkhurst, 1999","N","Rhithron Associates, Inc.","A. Fasbender",,,
"f6dd12b2-6333-48e3-8d11-d9c2a39cc650","D06","KING","KING.AOS.reach","2022-03-22T15:51Z","2022-09-16","KING.20220322.CORE.2","A00000319153",,"DICSP7","Y","Dicrotendipes sp.",,"genus","Arthropoda","Hexapoda","Insecta","Pterygota","Neoptera","Holometabola","Diptera","Nematocera","Culicomorpha",,"Chironomidae","Chironominae","Chironomini",,"Dicrotendipes","sp.",,"larva",8,,5,100,5,"N","N",,"condition OK","Y",,"Weiderholm, 1983; Weiderholm, 1986; Epler 2001; Ferrington et al. 2019; Andersen, Cranston and Epler 2013","N","Rhithron Associates, Inc.","A. Fasbender",,,
"264c08cf-b942-4214-b7d9-1dc7f296eb7b","D06","KING","KING.AOS.reach","2022-03-22T15:51Z","2022-09-16","KING.20220322.CORE.2","A00000319153",,"TANSP11","Y","Tanytarsus sp.",,"genus","Arthropoda","Hexapoda","Insecta","Pterygota","Neoptera","Holometabola","Diptera","Nematocera","Culicomorpha",,"Chironomidae","Chironominae","Tanytarsini",,"Tanytarsus","sp.",,"larva",4,,2,100,2,"N","N",,"condition OK","Y",,"Weiderholm, 1983; Weiderholm, 1986; Epler 2001; Ferrington et al. 2019; Andersen, Cranston and Epler 2013","N","Rhithron Associates, Inc.","A. Fasbender",,,
"4a2aa331-5569-468f-8b8f-4ba29a9ae870","D06","KING","KING.AOS.reach","2022-03-22T15:51Z","2022-08-29","KING.20220322.CORE.2","A00000319153","BA22NEOMST15002O5","DERDIG","Y","Dero digitata",,"species","Annelida","Clitellata","Oligochaeta","Oligochaeta",,,"Tubificida",,,,"Naididae","Naidinae",,,"Dero","digitata",,"unknown",4,,1,100,1,"N","N",,"condition OK","Y",,"Kathman and Brinkhurst, 1999","N","Rhithron Associates, Inc.","A. Fasbender",,,
"c56cae5d-6dc5-406b-85ee-eb41f57c9bec","D06","KING","KING.AOS.reach","2022-03-22T15:51Z","2022-08-30","KING.20220322.CORE.3","A00000319152","BA22NEOMST15003O6","NAICOM","Y","Nais communis/variabilis",,"speciesGroup","Annelida","Clitellata","Oligochaeta","Oligochaeta",,,"Tubificida",,,,"Naididae","Naidinae",,,"Nais","communis/variabilis",,"immature",2,,12,100,12,"Y","N",,"condition OK","Y",,"Kathman and Brinkhurst, 1999","N","Rhithron Associates, Inc.","A. Fasbender",,,
"89107722-e7bc-4237-abb6-b1d9b97efdb0","D06","KING","KING.AOS.reach","2022-03-22T15:51Z","2022-09-12","KING.20220322.CORE.1","A00000319154",,"CAESP5","Y","Caenis sp.",,"genus","Arthropoda","Hexapoda","Insecta","Pterygota","Palaeoptera",,"Ephemeroptera","Furcatergalia","Pannota","Caenoidea","Caenidae","Caeninae",,,"Caenis","sp.",,"larva",1,,6,100,6,"Y","N","early instar","condition OK","Y",,"Provonsha 1990","N","Rhithron Associates, Inc.","J. Webb",,,
"a6268ed9-e92a-44ca-82ac-65fd64e3ae0f","D06","KING","KING.AOS.reach","2022-03-22T15:51Z","2022-08-30","KING.20220322.CORE.3","A00000319152","BA22NEOMST15003O7","NAICOM","Y","Nais communis/variabilis",,"speciesGroup","Annelida","Clitellata","Oligochaeta","Oligochaeta",,,"Tubificida",,,,"Naididae","Naidinae",,,"Nais","communis/variabilis",,"immature",2,,11,100,11,"Y","N",,"condition OK","Y",,"Kathman and Brinkhurst, 1999","N","Rhithron Associates, Inc.","A. Fasbender",,,
"ef86b856-6985-4a52-a2cd-7797b8360661","D06","KING","KING.AOS.reach","2022-03-22T15:51Z","2022-08-29","KING.20220322.CORE.2","A00000319153","BA22NEOMST15002O1","NAICOM","Y","Nais communis/variabilis",,"speciesGroup","Annelida","Clitellata","Oligochaeta","Oligochaeta",,,"Tubificida",,,,"Naididae","Naidinae",,,"Nais","communis/variabilis",,"immature",3,,4,100,4,"Y","N",,"condition OK","Y",,"Kathman and Brinkhurst, 1999","N","Rhithron Associates, Inc.","A. Fasbender",,,
"456d9458-afac-47e1-96a7-b520769d1114","D06","KING","KING.AOS.reach","2022-03-22T15:51Z","2022-08-30","KING.20220322.CORE.3","A00000319152",,"TANSP11","Y","Tanytarsus sp.",,"genus","Arthropoda","Hexapoda","Insecta","Pterygota","Neoptera","Holometabola","Diptera","Nematocera","Culicomorpha",,"Chironomidae","Chironominae","Tanytarsini",,"Tanytarsus","sp.",,"larva",2,,1,100,1,"N","N",,"condition OK","Y",,"Weiderholm, 1983; Weiderholm, 1986; Epler 2001; Ferrington et al. 2019; Andersen, Cranston and Epler 2013","N","Rhithron Associates, Inc.","A. Fasbender",,,
"1540c985-b120-456c-8787-019d1c524737","D06","KING","KING.AOS.reach","2022-03-22T15:51Z","2022-08-29","KING.20220322.CORE.2","A00000319153","BA22NEOMST15002O3","NAICOM","Y","Nais communis/variabilis",,"speciesGroup","Annelida","Clitellata","Oligochaeta","Oligochaeta",,,"Tubificida",,,,"Naididae","Naidinae",,,"Nais","communis/variabilis",,"immature",3,,7,100,7,"Y","N",,"condition OK","Y",,"Kathman and Brinkhurst, 1999","N","Rhithron Associates, Inc.","A. Fasbender",,,
"0b6c8b0c-b60b-4458-87c3-052e5a0d2833","D06","KING","KING.AOS.reach","2022-03-22T15:51Z","2022-09-01","KING.20220322.CORE.1","A00000319154",,"LARSP","Y","Larsia sp.",,"genus","Arthropoda","Hexapoda","Insecta","Pterygota","Neoptera","Holometabola","Diptera","Nematocera","Culicomorpha",,"Chironomidae","Tanypodinae","Pentaneurini",,"Larsia","sp.",,"larva",3,,2,100,2,"N","N",,"condition OK","Y",,"Weiderholm, 1983; Weiderholm, 1986; Epler 2001; Ferrington et al. 2019; Andersen, Cranston and Epler 2013","N","Rhithron Associates, Inc.","A. Fasbender",,,
"f0e0a758-78dd-4229-91e0-4675b4ab54c0","D06","KING","KING.AOS.reach","2022-03-22T15:51Z","2022-08-29","KING.20220322.CORE.1","A00000319154","BA22NEOMST15001O1","ENCSP1","Y","Enchytraeidae sp.",,"family","Annelida","Clitellata","Oligochaeta","Oligochaeta",,,"Enchytraeida",,,,"Enchytraeidae",,,,,"sp.",,"unknown",1,,2,100,2,"N","N",,"condition OK","Y",,"Kathman and Brinkhurst, 1999","N","Rhithron Associates, Inc.","A. Fasbender",,,
"d888c8ce-06dd-4783-bd3a-5321b008e1f8","D06","KING","KING.AOS.reach","2022-03-22T15:51Z","2022-09-12","KING.20220322.CORE.1","A00000319154",,"NEMSP","Y","Nematoda sp.",,"phylum","Nematoda",,,,,,,,,,,,,,,"sp.",,"unknown",2,,1,100,1,"N","N",,"condition OK","Y",,"Thorp and Rogers 2016","N","Rhithron Associates, Inc.","J. Webb",,,
"1df3ea08-8024-46c4-af02-2b0b051667b4","D06","KING","KING.AOS.reach","2022-03-22T15:51Z","2022-08-29","KING.20220322.CORE.1","A00000319154","BA22NEOMST15001O6","PRIPRO","Y","Pristina proboscidea",,"species","Annelida","Clitellata","Oligochaeta","Oligochaeta",,,"Tubificida",,,,"Naididae","Pristininae",,,"Pristina","proboscidea",,"unknown",2,,10,100,10,"N","N",,"condition OK","Y",,"Kathman and Brinkhurst, 1999","N","Rhithron Associates, Inc.","A. Fasbender",,,
"3e7d8b98-fdfb-425d-9380-579b47647ec7","D06","KING","KING.AOS.reach","2022-03-22T15:51Z","2022-09-16","KING.20220322.CORE.2","A00000319153",,"PARSP33","Y","Paratendipes sp.",,"genus","Arthropoda","Hexapoda","Insecta","Pterygota","Neoptera","Holometabola","Diptera","Nematocera","Culicomorpha",,"Chironomidae","Chironominae","Chironomini",,"Paratendipes","sp.",,"larva",2,,2,100,2,"N","N",,"condition OK","Y",,"Weiderholm, 1983; Weiderholm, 1986; Epler 2001; Ferrington et al. 2019; Andersen, Cranston and Epler 2013","N","Rhithron Associates, Inc.","A. Fasbender",,,
"8849b923-4567-4305-8aaa-0227d197a4a8","D06","KING","KING.AOS.reach","2022-03-22T15:51Z","2022-08-30","KING.20220322.CORE.3","A00000319152","BA22NEOMST15003O10","DERDIG","Y","Dero digitata",,"species","Annelida","Clitellata","Oligochaeta","Oligochaeta",,,"Tubificida",,,,"Naididae","Naidinae",,,"Dero","digitata",,"unknown",3,,1,100,1,"N","N",,"condition OK","Y",,"Kathman and Brinkhurst, 1999","N","Rhithron Associates, Inc.","A. Fasbender",,,
"c533d84e-3568-4ef5-8586-cdcb0d1dae2d","D06","KING","KING.AOS.reach","2022-03-22T15:51Z","2022-09-12","KING.20220322.CORE.2","A00000319153",,"CAESP5","Y","Caenis sp.",,"genus","Arthropoda","Hexapoda","Insecta","Pterygota","Palaeoptera",,"Ephemeroptera","Furcatergalia","Pannota","Caenoidea","Caenidae","Caeninae",,,"Caenis","sp.",,"larva",2,,2,100,2,"Y","N","early instar","condition OK","Y",,"Provonsha 1990","N","Rhithron Associates, Inc.","J. Webb",,,
"bf3939f9-63f1-45fb-ac93-1f646e5c4e57","D06","KING","KING.AOS.reach","2022-03-22T15:51Z","2022-08-29","KING.20220322.CORE.1","A00000319154","BA22NEOMST15001O1","ENCSP1","Y","Enchytraeidae sp.",,"family","Annelida","Clitellata","Oligochaeta","Oligochaeta",,,"Enchytraeida",,,,"Enchytraeidae",,,,,"sp.",,"unknown",2,,4,100,4,"N","N",,"condition OK","Y",,"Kathman and Brinkhurst, 1999","N","Rhithron Associates, Inc.","A. Fasbender",,,
"a81e89eb-4c11-454d-b2d1-1713c6879874","D06","KING","KING.AOS.reach","2022-03-22T15:51Z","2022-09-01","KING.20220322.CORE.1","A00000319154",,"CORSP19","Y","Corynoneura sp.",,"genus","Arthropoda","Hexapoda","Insecta","Pterygota","Neoptera","Holometabola","Diptera","Nematocera","Culicomorpha",,"Chironomidae","Orthocladiinae",,,"Corynoneura","sp.",,"larva",1,,3,100,3,"N","N",,"condition OK","Y",,"Weiderholm, 1983; Weiderholm, 1986; Epler 2001; Ferrington et al. 2019; Andersen, Cranston and Epler 2013","N","Rhithron Associates, Inc.","A. Fasbender",,,
"075a0bab-0477-471a-a09a-1af4e0186a84","D06","KING","KING.AOS.reach","2022-03-22T15:51Z","2022-09-12","KING.20220322.CORE.1","A00000319154",,"CERSP10","Y","Ceratopogoninae sp.",,"subfamily","Arthropoda","Hexapoda","Insecta","Pterygota","Neoptera","Holometabola","Diptera","Nematocera","Culicomorpha",,"Ceratopogonidae","Ceratopogoninae",,,,"sp.",,"larva",3,,9,100,9,"N","N",,"condition OK","Y",,"Merritt et al. 2019","N","Rhithron Associates, Inc.","J. Webb",,,
"42c0c5a5-5427-431a-94ba-04e44450ee64","D06","KING","KING.AOS.reach","2022-03-22T15:51Z","2022-09-01","KING.20220322.CORE.1","A00000319154",,"CRYSP2","Y","Cryptochironomus sp.",,"genus","Arthropoda","Hexapoda","Insecta","Pterygota","Neoptera","Holometabola","Diptera","Nematocera","Culicomorpha",,"Chironomidae","Chironominae","Chironomini",,"Cryptochironomus","sp.",,"larva",3,,1,100,1,"N","N",,"condition OK","Y",,"Weiderholm, 1983; Weiderholm, 1986; Epler 2001; Ferrington et al. 2019; Andersen, Cranston and Epler 2013","N","Rhithron Associates, Inc.","A. Fasbender",,,
"4689c099-9486-4a8b-819d-07127c644a64","D06","KING","KING.AOS.reach","2022-03-22T15:51Z","2022-08-30","KING.20220322.CORE.3","A00000319152",,"DICSP7","Y","Dicrotendipes sp.",,"genus","Arthropoda","Hexapoda","Insecta","Pterygota","Neoptera","Holometabola","Diptera","Nematocera","Culicomorpha",,"Chironomidae","Chironominae","Chironomini",,"Dicrotendipes","sp.",,"larva",7,,1,100,1,"N","N",,"condition OK","Y",,"Weiderholm, 1983; Weiderholm, 1986; Epler 2001; Ferrington et al. 2019; Andersen, Cranston and Epler 2013","N","Rhithron Associates, Inc.","A. Fasbender",,,
"ba04df40-2095-4b32-b09a-e1852b408d9d","D06","KING","KING.AOS.reach","2022-03-22T15:51Z","2022-09-16","KING.20220322.CORE.2","A00000319153",,"PARSP33","Y","Paratendipes sp.",,"genus","Arthropoda","Hexapoda","Insecta","Pterygota","Neoptera","Holometabola","Diptera","Nematocera","Culicomorpha",,"Chironomidae","Chironominae","Chironomini",,"Paratendipes","sp.",,"larva",3,,14,100,14,"N","N",,"condition OK","Y",,"Weiderholm, 1983; Weiderholm, 1986; Epler 2001; Ferrington et al. 2019; Andersen, Cranston and Epler 2013","N","Rhithron Associates, Inc.","A. Fasbender",,,
"95f92059-41b8-429d-81ac-e64f5099d91f","D06","KING","KING.AOS.reach","2022-03-22T15:51Z","2022-09-01","KING.20220322.CORE.1","A00000319154",,"ZAVSP","Y","Zavrelimyia sp.",,"genus","Arthropoda","Hexapoda","Insecta","Pterygota","Neoptera","Holometabola","Diptera","Nematocera","Culicomorpha",,"Chironomidae","Tanypodinae","Pentaneurini",,"Zavrelimyia","sp.",,"larva",6,,5,100,5,"N","N",,"condition OK","Y",,"Weiderholm, 1983; Weiderholm, 1986; Epler 2001; Ferrington et al. 2019; Andersen, Cranston and Epler 2013","N","Rhithron Associates, Inc.","A. Fasbender",,,
"96a2ae16-f1a3-4db1-8753-972c2c426ebf","D06","KING","KING.AOS.reach","2022-03-22T15:51Z","2022-09-01","KING.20220322.CORE.1","A00000319154",,"ZAVSP","Y","Zavrelimyia sp.",,"genus","Arthropoda","Hexapoda","Insecta","Pterygota","Neoptera","Holometabola","Diptera","Nematocera","Culicomorpha",,"Chironomidae","Tanypodinae","Pentaneurini",,"Zavrelimyia","sp.",,"larva",5,,1,100,1,"N","N",,"condition OK","Y",,"Weiderholm, 1983; Weiderholm, 1986; Epler 2001; Ferrington et al. 2019; Andersen, Cranston and Epler 2013","N","Rhithron Associates, Inc.","A. Fasbender",,,
"79f13be7-3a27-416d-bd42-c75ff5926dbe","D06","KING","KING.AOS.reach","2022-03-22T15:51Z","2022-08-30","KING.20220322.CORE.3","A00000319152",,"ORTSP1","Y","Orthocladiinae sp.",,"subfamily","Arthropoda","Hexapoda","Insecta","Pterygota","Neoptera","Holometabola","Diptera","Nematocera","Culicomorpha",,"Chironomidae","Orthocladiinae",,,,"sp.",,"larva",1,,1,100,1,"Y","N","early instar","condition OK","Y",,"Weiderholm, 1983; Weiderholm, 1986; Epler 2001; Ferrington et al. 2019; Andersen, Cranston and Epler 2013","N","Rhithron Associates, Inc.","A. Fasbender",,,
"822ecff4-66a6-42cf-bfac-64eaad9faff1","D06","KING","KING.AOS.reach","2022-03-22T15:51Z","2022-09-16","KING.20220322.CORE.2","A00000319153",,"DICSP7","Y","Dicrotendipes sp.",,"genus","Arthropoda","Hexapoda","Insecta","Pterygota","Neoptera","Holometabola","Diptera","Nematocera","Culicomorpha",,"Chironomidae","Chironominae","Chironomini",,"Dicrotendipes","sp.",,"pupa",6,,1,100,1,"N","N",,"condition OK","N",,"Weiderholm, 1983; Weiderholm, 1986; Epler 2001; Ferrington et al. 2019; Andersen, Cranston and Epler 2013","N","Rhithron Associates, Inc.","A. Fasbender",,,
"2e218396-b86f-47ad-8cc9-74dffb38c692","D06","KING","KING.AOS.reach","2022-03-22T15:51Z","2022-08-29","KING.20220322.CORE.2","A00000319153","BA22NEOMST15002O1","DERDIG","Y","Dero digitata",,"species","Annelida","Clitellata","Oligochaeta","Oligochaeta",,,"Tubificida",,,,"Naididae","Naidinae",,,"Dero","digitata",,"unknown",4,,3,100,3,"N","N",,"condition OK","Y",,"Kathman and Brinkhurst, 1999","N","Rhithron Associates, Inc.","A. Fasbender",,,
"e84a21b3-4f41-4eb9-a777-151bfba629ac","D06","KING","KING.AOS.reach","2022-03-22T15:51Z","2022-09-01","KING.20220322.CORE.1","A00000319154",,"PARSP33","Y","Paratendipes sp.",,"genus","Arthropoda","Hexapoda","Insecta","Pterygota","Neoptera","Holometabola","Diptera","Nematocera","Culicomorpha",,"Chironomidae","Chironominae","Chironomini",,"Paratendipes","sp.",,"larva",1,,3,100,3,"N","N",,"condition OK","Y",,"Weiderholm, 1983; Weiderholm, 1986; Epler 2001; Ferrington et al. 2019; Andersen, Cranston and Epler 2013","N","Rhithron Associates, Inc.","A. Fasbender",,,
"8c679d0a-a257-4785-8c5e-9997444d418f","D06","KING","KING.AOS.reach","2022-03-22T15:51Z","2022-09-01","KING.20220322.CORE.1","A00000319154",,"MICSP5","Y","Microtendipes sp.",,"genus","Arthropoda","Hexapoda","Insecta","Pterygota","Neoptera","Holometabola","Diptera","Nematocera","Culicomorpha",,"Chironomidae","Chironominae","Chironomini",,"Microtendipes","sp.",,"larva",5,,2,100,2,"N","N",,"condition OK","Y",,"Weiderholm, 1983; Weiderholm, 1986; Epler 2001; Ferrington et al. 2019; Andersen, Cranston and Epler 2013","N","Rhithron Associates, Inc.","A. Fasbender",,,
"7fcd52f7-692d-492a-bcd5-2e4ad52aa504","D06","KING","KING.AOS.reach","2022-03-22T15:51Z","2022-08-29","KING.20220322.CORE.2","A00000319153","BA22NEOMST15002O8","NAICOM","Y","Nais communis/variabilis",,"speciesGroup","Annelida","Clitellata","Oligochaeta","Oligochaeta",,,"Tubificida",,,,"Naididae","Naidinae",,,"Nais","communis/variabilis",,"immature",2,,3,100,3,"Y","N",,"condition OK","Y",,"Kathman and Brinkhurst, 1999","N","Rhithron Associates, Inc.","A. Fasbender",,,
"af6e5584-9a02-41be-ac86-3990dee83a3e","D06","KING","KING.AOS.reach","2022-03-22T15:51Z","2022-08-29","KING.20220322.CORE.1","A00000319154","BA22NEOMST15001O3","DERDIG","Y","Dero digitata",,"species","Annelida","Clitellata","Oligochaeta","Oligochaeta",,,"Tubificida",,,,"Naididae","Naidinae",,,"Dero","digitata",,"unknown",4,,1,100,1,"N","N",,"condition OK","Y",,"Kathman and Brinkhurst, 1999","N","Rhithron Associates, Inc.","A. Fasbender",,,
"01799514-3dfd-4f38-98c6-e8daf77b91b6","D06","KING","KING.AOS.reach","2022-03-22T15:51Z","2022-08-29","KING.20220322.CORE.2","A00000319153","BA22NEOMST15002O4","NAICOM","Y","Nais communis/variabilis",,"speciesGroup","Annelida","Clitellata","Oligochaeta","Oligochaeta",,,"Tubificida",,,,"Naididae","Naidinae",,,"Nais","communis/variabilis",,"immature",2,,9,100,9,"Y","N",,"condition OK","Y",,"Kathman and Brinkhurst, 1999","N","Rhithron Associates, Inc.","A. Fasbender",,,
"e4695b19-962b-4b3b-92fb-bc451b5087c4","D06","KING","KING.AOS.reach","2022-03-22T15:51Z","2022-08-29","KING.20220322.CORE.1","A00000319154","BA22NEOMST15001O2","PRIPRO","Y","Pristina proboscidea",,"species","Annelida","Clitellata","Oligochaeta","Oligochaeta",,,"Tubificida",,,,"Naididae","Pristininae",,,"Pristina","proboscidea",,"unknown",2,,18,100,18,"N","N",,"condition OK","Y",,"Kathman and Brinkhurst, 1999","N","Rhithron Associates, Inc.","A. Fasbender",,,
"346bc06d-c5b8-4a35-adba-17eacca43d5a","D06","KING","KING.AOS.reach","2022-03-22T15:51Z","2022-08-29","KING.20220322.CORE.1","A00000319154","BA22NEOMST15001O5","AEOSP2","Y","Aeolosoma sp.",,"genus","Annelida","Clitellata","Oligochaeta",,,,"Aeolosomatida",,,,"Aeolosomatidae",,,,"Aeolosoma","sp.",,"unknown",1,,1,100,1,"N","N",,"condition OK","Y",,"Kathman and Brinkhurst, 1999","N","Rhithron Associates, Inc.","A. Fasbender",,,
"02ca6946-dd89-4845-9324-120b3f09b034","D06","KING","KING.AOS.reach","2022-03-22T15:51Z","2022-09-01","KING.20220322.CORE.1","A00000319154",,"PARSP33","Y","Paratendipes sp.",,"genus","Arthropoda","Hexapoda","Insecta","Pterygota","Neoptera","Holometabola","Diptera","Nematocera","Culicomorpha",,"Chironomidae","Chironominae","Chironomini",,"Paratendipes","sp.",,"larva",2,,7,100,7,"N","N",,"condition OK","Y",,"Weiderholm, 1983; Weiderholm, 1986; Epler 2001; Ferrington et al. 2019; Andersen, Cranston and Epler 2013","N","Rhithron Associates, Inc.","A. Fasbender",,,
"5eb126e0-6153-4b15-942e-170b91fa18b4","D06","KING","KING.AOS.reach","2022-03-22T15:51Z","2022-08-30","KING.20220322.CORE.3","A00000319152",,"DICSP7","Y","Dicrotendipes sp.",,"genus","Arthropoda","Hexapoda","Insecta","Pterygota","Neoptera","Holometabola","Diptera","Nematocera","Culicomorpha",,"Chironomidae","Chironominae","Chironomini",,"Dicrotendipes","sp.",,"larva",9,,1,100,1,"N","N",,"condition OK","Y",,"Weiderholm, 1983; Weiderholm, 1986; Epler 2001; Ferrington et al. 2019; Andersen, Cranston and Epler 2013","N","Rhithron Associates, Inc.","A. Fasbender",,,
"1b4d6192-62a4-47f9-8630-1d9007948ef1","D06","KING","KING.AOS.reach","2022-03-22T15:51Z","2022-09-16","KING.20220322.CORE.2","A00000319153",,"STISP2","Y","Stictochironomus sp.",,"genus","Arthropoda","Hexapoda","Insecta","Pterygota","Neoptera","Holometabola","Diptera","Nematocera","Culicomorpha",,"Chironomidae","Chironominae","Chironomini",,"Stictochironomus","sp.",,"larva",12,,2,100,2,"N","N",,"condition OK","Y",,"Weiderholm, 1983; Weiderholm, 1986; Epler 2001; Ferrington et al. 2019; Andersen, Cranston and Epler 2013","N","Rhithron Associates, Inc.","A. Fasbender",,,
"19a851c7-684a-41b6-a29c-49d0efb792af","D06","KING","KING.AOS.reach","2022-03-22T15:51Z","2022-09-16","KING.20220322.CORE.2","A00000319153",,"PARSP33","Y","Paratendipes sp.",,"genus","Arthropoda","Hexapoda","Insecta","Pterygota","Neoptera","Holometabola","Diptera","Nematocera","Culicomorpha",,"Chironomidae","Chironominae","Chironomini",,"Paratendipes","sp.",,"larva",5,,1,100,1,"N","N",,"condition OK","Y",,"Weiderholm, 1983; Weiderholm, 1986; Epler 2001; Ferrington et al. 2019; Andersen, Cranston and Epler 2013","N","Rhithron Associates, Inc.","A. Fasbender",,,
"244fa374-e2e8-45e2-97aa-4bdd89a5b04f","D06","KING","KING.AOS.reach","2022-03-22T15:51Z","2022-09-12","KING.20220322.CORE.3","A00000319152",,"ISOSP","Y","Isopoda sp.",,"order","Arthropoda","Crustacea","Malacostraca","Eumalacostraca",,"Peracarida","Isopoda",,,,,,,,,"sp.",,"unknown",3,,1,100,1,"N","N","damaged","damaged, affecting taxonomy and measurement","Y",,"Thorp and Rogers, 2016","N","Rhithron Associates, Inc.","J. Webb",,,
"06c69a94-a6fb-4e5e-82a6-95d033bb79b9","D06","KING","KING.AOS.reach","2022-03-22T15:51Z","2022-09-12","KING.20220322.CORE.1","A00000319154",,"PISSP2","Y","Pisidiidae sp.",,"family","Mollusca",,"Bivalvia","Heterodonta",,,"Veneroida",,,"Corbiculoidea","Pisidiidae",,,,,"sp.",,"immature",1,,1,100,1,"Y","N",,"condition OK","Y",,"Mackie 2007; Thorp and Rogers 2016","N","Rhithron Associates, Inc.","J. Webb",,,
"1811d869-3a59-4d64-95d8-6aff07a99c5a","D06","KING","KING.AOS.reach","2022-03-22T15:51Z","2022-09-12","KING.20220322.CORE.2","A00000319153",,"CERSP10","Y","Ceratopogoninae sp.",,"subfamily","Arthropoda","Hexapoda","Insecta","Pterygota","Neoptera","Holometabola","Diptera","Nematocera","Culicomorpha",,"Ceratopogonidae","Ceratopogoninae",,,,"sp.",,"larva",3,,26,100,26,"N","N",,"condition OK","Y",,"Merritt et al. 2019","N","Rhithron Associates, Inc.","J. Webb",,,
"4dd3a49c-d254-4d62-af85-0dbc49dc6434","D06","KING","KING.AOS.reach","2022-03-22T15:51Z","2022-08-29","KING.20220322.CORE.1","A00000319154","BA22NEOMST15001O4","PRIPRO","Y","Pristina proboscidea",,"species","Annelida","Clitellata","Oligochaeta","Oligochaeta",,,"Tubificida",,,,"Naididae","Pristininae",,,"Pristina","proboscidea",,"unknown",1,,5,100,5,"N","N",,"condition OK","Y",,"Kathman and Brinkhurst, 1999","N","Rhithron Associates, Inc.","A. Fasbender",,,
"5c595504-1703-4ea7-a77c-0d2d126d82e2","D06","KING","KING.AOS.reach","2022-03-22T15:51Z","2022-08-29","KING.20220322.CORE.1","A00000319154","BA22NEOMST15001O4","NAISP","Y","Naididae sp.",,"family","Annelida","Clitellata","Oligochaeta","Oligochaeta",,,"Tubificida",,,,"Naididae",,,,,"sp.",,"immature",2,,2,100,2,"Y","N",,"condition OK","Y",,"Kathman and Brinkhurst, 1999","N","Rhithron Associates, Inc.","A. Fasbender","Rhyacodrilinae/Tubificinae w/ HC",,
"8c9a6df4-9370-4622-b52a-a71aeba12471","D06","KING","KING.AOS.reach","2022-03-22T15:51Z","2022-09-12","KING.20220322.CORE.3","A00000319152",,"CAPSP2","Y","Capniidae sp.",,"family","Arthropoda","Hexapoda","Insecta","Pterygota","Neoptera","Polyneoptera","Plecoptera","Euholognatha",,,"Capniidae",,,,,"sp.",,"larva",2,,1,100,1,"Y","N","early instar","condition OK","Y",,"Stewart and Stark 2002; Merritt et al. 2019","N","Rhithron Associates, Inc.","J. Webb",,,
"97b55a34-6701-4207-85dc-233dba584502","D06","KING","KING.AOS.reach","2022-03-22T15:51Z","2022-09-12","KING.20220322.CORE.1","A00000319154",,"ANISP1","Y","Anisoptera sp.",,"suborder","Arthropoda","Hexapoda","Insecta","Pterygota","Palaeoptera",,"Odonata","Anisoptera",,,,,,,,"sp.",,"larva",1,,1,100,1,"Y","N","early instar","condition OK","Y",,"Needham et al. 2000; Merritt et al. 2019; Tennessen 2019","N","Rhithron Associates, Inc.","J. Webb",,,
"8f0c75df-9b82-44a5-8376-d7339a40c588","D06","KING","KING.AOS.reach","2022-03-22T15:51Z","2022-08-29","KING.20220322.CORE.1","A00000319154","BA22NEOMST15001O5","DERDIG","Y","Dero digitata",,"species","Annelida","Clitellata","Oligochaeta","Oligochaeta",,,"Tubificida",,,,"Naididae","Naidinae",,,"Dero","digitata",,"unknown",4,,2,100,2,"N","N",,"condition OK","Y",,"Kathman and Brinkhurst, 1999","N","Rhithron Associates, Inc.","A. Fasbender",,,
"8e92753b-ab64-4886-b75b-a1bf5153d8ae","D06","KING","KING.AOS.reach","2022-03-22T15:51Z","2022-09-01","KING.20220322.CORE.1","A00000319154",,"CLASP6","Y","Cladotanytarsus sp.",,"genus","Arthropoda","Hexapoda","Insecta","Pterygota","Neoptera","Holometabola","Diptera","Nematocera","Culicomorpha",,"Chironomidae","Chironominae","Tanytarsini",,"Cladotanytarsus","sp.",,"larva",1,,1,100,1,"N","N",,"condition OK","Y",,"Weiderholm, 1983; Weiderholm, 1986; Epler 2001; Ferrington et al. 2019; Andersen, Cranston and Epler 2013","N","Rhithron Associates, Inc.","A. Fasbender",,,
"d8514716-3b31-4169-ba30-34e5ef1bc5fa","D06","KING","KING.AOS.reach","2022-03-22T15:51Z","2022-08-29","KING.20220322.CORE.1","A00000319154","BA22NEOMST15001O6","AEOSP2","Y","Aeolosoma sp.",,"genus","Annelida","Clitellata","Oligochaeta",,,,"Aeolosomatida",,,,"Aeolosomatidae",,,,"Aeolosoma","sp.",,"unknown",1,,1,100,1,"N","N",,"condition OK","Y",,"Kathman and Brinkhurst, 1999","N","Rhithron Associates, Inc.","A. Fasbender",,,
"5a08e792-e847-4e21-89dd-a3f4350ca20f","D06","KING","KING.AOS.reach","2022-03-22T15:51Z","2022-09-12","KING.20220322.CORE.1","A00000319154",,"CERSP10","Y","Ceratopogoninae sp.",,"subfamily","Arthropoda","Hexapoda","Insecta","Pterygota","Neoptera","Holometabola","Diptera","Nematocera","Culicomorpha",,"Ceratopogonidae","Ceratopogoninae",,,,"sp.",,"larva",2,,47,100,47,"N","N",,"condition OK","Y",,"Merritt et al. 2019","N","Rhithron Associates, Inc.","J. Webb",,,
"8ce28123-958a-463e-9107-29c40d15b6cc","D06","KING","KING.AOS.reach","2022-03-22T15:51Z","2022-08-29","KING.20220322.CORE.2","A00000319153","BA22NEOMST15002O3","DERDIG","Y","Dero digitata",,"species","Annelida","Clitellata","Oligochaeta","Oligochaeta",,,"Tubificida",,,,"Naididae","Naidinae",,,"Dero","digitata",,"unknown",4,,4,100,4,"N","N",,"condition OK","Y",,"Kathman and Brinkhurst, 1999","N","Rhithron Associates, Inc.","A. Fasbender",,,
"0c6302cf-056e-4898-833e-58b396f3de05","D06","KING","KING.AOS.reach","2022-03-22T15:51Z","2022-08-29","KING.20220322.CORE.1","A00000319154","BA22NEOMST15001O3","NAICOM","Y","Nais communis/variabilis",,"speciesGroup","Annelida","Clitellata","Oligochaeta","Oligochaeta",,,"Tubificida",,,,"Naididae","Naidinae",,,"Nais","communis/variabilis",,"immature",3,,2,100,2,"Y","N",,"condition OK","Y",,"Kathman and Brinkhurst, 1999","N","Rhithron Associates, Inc.","A. Fasbender",,,
"5dff4b03-147e-43b3-9c1f-161110afb617","D06","KING","KING.AOS.reach","2022-03-22T15:51Z","2022-08-30","KING.20220322.CORE.3","A00000319152","BA22NEOMST15003O10","NAICOM","Y","Nais communis/variabilis",,"speciesGroup","Annelida","Clitellata","Oligochaeta","Oligochaeta",,,"Tubificida",,,,"Naididae","Naidinae",,,"Nais","communis/variabilis",,"immature",2,,4,100,4,"Y","N",,"condition OK","Y",,"Kathman and Brinkhurst, 1999","N","Rhithron Associates, Inc.","A. Fasbender",,,
"cb75d1e2-0292-4268-8e2b-704c297785ab","D06","KING","KING.AOS.reach","2022-03-22T15:51Z","2022-09-12","KING.20220322.CORE.2","A00000319153",,"OSTSP","Y","Ostracoda sp.",,"class","Arthropoda","Crustacea","Ostracoda",,,,,,,,,,,,,"sp.",,"unknown",1,,9,100,9,"N","N",,"condition OK","Y",,"Thorp and Rogers 2016","N","Rhithron Associates, Inc.","J. Webb",,,
"59b45894-3bc2-4872-9fd0-170859ccd875","D06","KING","KING.AOS.reach","2022-03-22T15:51Z","2022-09-01","KING.20220322.CORE.1","A00000319154",,"LARSP","Y","Larsia sp.",,"genus","Arthropoda","Hexapoda","Insecta","Pterygota","Neoptera","Holometabola","Diptera","Nematocera","Culicomorpha",,"Chironomidae","Tanypodinae","Pentaneurini",,"Larsia","sp.",,"larva",1,,2,100,2,"N","N",,"condition OK","Y",,"Weiderholm, 1983; Weiderholm, 1986; Epler 2001; Ferrington et al. 2019; Andersen, Cranston and Epler 2013","N","Rhithron Associates, Inc.","A. Fasbender",,,
"019c3ca1-e2c0-4850-8c08-a0fa0c705757","D06","KING","KING.AOS.reach","2022-03-22T15:51Z","2022-09-01","KING.20220322.CORE.1","A00000319154",,"TANSP11","Y","Tanytarsus sp.",,"genus","Arthropoda","Hexapoda","Insecta","Pterygota","Neoptera","Holometabola","Diptera","Nematocera","Culicomorpha",,"Chironomidae","Chironominae","Tanytarsini",,"Tanytarsus","sp.",,"larva",2,,3,100,3,"N","N",,"condition OK","Y",,"Weiderholm, 1983; Weiderholm, 1986; Epler 2001; Ferrington et al. 2019; Andersen, Cranston and Epler 2013","N","Rhithron Associates, Inc.","A. Fasbender",,,
"fe0a1eeb-8dbf-4bbe-82da-3c3c382c326f","D06","KING","KING.AOS.reach","2022-03-22T15:51Z","2022-08-29","KING.20220322.CORE.2","A00000319153","BA22NEOMST15002O4","NAICOM","Y","Nais communis/variabilis",,"speciesGroup","Annelida","Clitellata","Oligochaeta","Oligochaeta",,,"Tubificida",,,,"Naididae","Naidinae",,,"Nais","communis/variabilis",,"immature",3,,4,100,4,"Y","N",,"condition OK","Y",,"Kathman and Brinkhurst, 1999","N","Rhithron Associates, Inc.","A. Fasbender",,,
"87c1fa80-804e-4967-80a6-caa69ad8845f","D06","KING","KING.AOS.reach","2022-03-22T15:51Z","2022-09-01","KING.20220322.CORE.1","A00000319154",,"TANSP11","Y","Tanytarsus sp.",,"genus","Arthropoda","Hexapoda","Insecta","Pterygota","Neoptera","Holometabola","Diptera","Nematocera","Culicomorpha",,"Chironomidae","Chironominae","Tanytarsini",,"Tanytarsus","sp.",,"larva",1,,2,100,2,"N","N",,"condition OK","Y",,"Weiderholm, 1983; Weiderholm, 1986; Epler 2001; Ferrington et al. 2019; Andersen, Cranston and Epler 2013","N","Rhithron Associates, Inc.","A. Fasbender",,,
"8371e36d-2501-4761-bdaf-a106810ebc84","D06","KING","KING.AOS.reach","2022-03-22T15:51Z","2022-08-29","KING.20220322.CORE.1","A00000319154","BA22NEOMST15001O3","NAISP","Y","Naididae sp.",,"family","Annelida","Clitellata","Oligochaeta","Oligochaeta",,,"Tubificida",,,,"Naididae",,,,,"sp.",,"immature",4,,1,100,1,"Y","N",,"condition OK","N",,"Kathman and Brinkhurst, 1999","N","Rhithron Associates, Inc.","A. Fasbender",,,
"91d9c5b8-33fa-4917-987d-ddf42e62c361","D06","KING","KING.AOS.reach","2022-03-22T15:51Z","2022-09-16","KING.20220322.CORE.2","A00000319153",,"CHISP8","Y","Chironomus sp.",,"genus","Arthropoda","Hexapoda","Insecta","Pterygota","Neoptera","Holometabola","Diptera","Nematocera","Culicomorpha",,"Chironomidae","Chironominae","Chironomini",,"Chironomus","sp.",,"larva",10,,3,100,3,"N","N",,"condition OK","Y",,"Weiderholm, 1983; Weiderholm, 1986; Epler 2001; Ferrington et al. 2019; Andersen, Cranston and Epler 2013","N","Rhithron Associates, Inc.","A. Fasbender",,,
"bd5e03bb-5ef9-43f8-9d5f-87ec2716472c","D06","KING","KING.AOS.reach","2022-03-22T15:51Z","2022-09-16","KING.20220322.CORE.2","A00000319153",,"CRISP6","Y","Cricotopus/Orthocladius sp.",,"speciesGroup","Arthropoda","Hexapoda","Insecta","Pterygota","Neoptera","Holometabola","Diptera","Nematocera","Culicomorpha",,"Chironomidae","Orthocladiinae",,,"Cricotopus/Orthocladius","sp.",,"larva",2,,2,100,2,"Y","N","early instar","condition OK","Y",,"Weiderholm, 1983; Weiderholm, 1986; Epler 2001; Ferrington et al. 2008; Andersen, Cranston and Epler 2013","N","Rhithron Associates, Inc.","A. Fasbender",,,
